number,title,type,state,author,url,created_at,updated_at,organization,repository,contributor
64,Support pixel density adjustment,Issue,closed,kylebarron,https://github.com/developmentseed/deck.gl-raster/issues/64,2025-12-17T23:09:28Z,2026-05-07T19:18:55Z,developmentseed,deck.gl-raster,kylebarron
85,Create proj4 projection cache,Issue,closed,kylebarron,https://github.com/developmentseed/deck.gl-raster/issues/85,2025-12-19T22:25:13Z,2026-05-22T18:54:11Z,developmentseed,deck.gl-raster,kylebarron
90,virtualizarr store backend for zarrita.js,Issue,closed,kylebarron,https://github.com/developmentseed/deck.gl-raster/issues/90,2025-12-21T20:42:19Z,2026-05-05T03:24:55Z,developmentseed,deck.gl-raster,kylebarron
129,COGLayer: User-provided callback for managing file-wide state?,Issue,closed,kylebarron,https://github.com/developmentseed/deck.gl-raster/issues/129,2026-01-01T22:04:33Z,2026-05-05T03:25:33Z,developmentseed,deck.gl-raster,kylebarron
135,Layer finalization,Issue,closed,kylebarron,https://github.com/developmentseed/deck.gl-raster/issues/135,2026-01-02T02:56:28Z,2026-06-05T19:58:17Z,developmentseed,deck.gl-raster,kylebarron
158,Landcover exapmle: Side-by-side view,Issue,closed,kylebarron,https://github.com/developmentseed/deck.gl-raster/issues/158,2026-01-06T04:21:15Z,2026-05-05T03:26:17Z,developmentseed,deck.gl-raster,kylebarron
166,Epic: Zarr support,Issue,closed,kylebarron,https://github.com/developmentseed/deck.gl-raster/issues/166,2026-01-07T20:22:14Z,2026-05-21T19:53:10Z,developmentseed,deck.gl-raster,kylebarron
170,Reading requester pays aws data,Issue,closed,kylebarron,https://github.com/developmentseed/deck.gl-raster/issues/170,2026-01-09T03:58:39Z,2026-05-05T03:28:39Z,developmentseed,deck.gl-raster,kylebarron
173,Reading private COGs / Zarr,Issue,closed,samsammurphy,https://github.com/developmentseed/deck.gl-raster/issues/173,2026-01-09T18:14:48Z,2026-05-05T03:27:22Z,developmentseed,deck.gl-raster,kylebarron
186,"""Minimal proj.db""?",Issue,closed,kylebarron,https://github.com/developmentseed/deck.gl-raster/issues/186,2026-01-15T19:20:10Z,2026-05-12T19:43:39Z,developmentseed,deck.gl-raster,kylebarron
210,Where should zarr-multiscale-metadata package live?,Issue,closed,kylebarron,https://github.com/developmentseed/deck.gl-raster/issues/210,2026-01-30T16:28:43Z,2026-05-05T03:29:26Z,developmentseed,deck.gl-raster,kylebarron
268,feat: Add globe view support for tile traversal,PR,closed,espg,https://github.com/developmentseed/deck.gl-raster/pull/268,2026-02-26T21:23:05Z,2026-05-26T20:33:00Z,developmentseed,deck.gl-raster,kylebarron
292,Restore AbortSignal support in naip-mosaic example for opening COG headers,Issue,closed,kylebarron,https://github.com/developmentseed/deck.gl-raster/issues/292,2026-03-02T23:55:52Z,2026-05-07T20:31:12Z,developmentseed,deck.gl-raster,kylebarron
294,Figure out good caching and chunking defaults for `GeoTIFF.fromUrl`,Issue,closed,kylebarron,https://github.com/developmentseed/deck.gl-raster/issues/294,2026-03-03T00:43:26Z,2026-05-22T18:57:45Z,developmentseed,deck.gl-raster,kylebarron
302,geotiff: Implement request coalescing / fetch_tiles,Issue,closed,kylebarron,https://github.com/developmentseed/deck.gl-raster/issues/302,2026-03-03T23:40:11Z,2026-05-05T03:32:10Z,developmentseed,deck.gl-raster,kylebarron
327,Support COGs with rotated transforms,Issue,closed,kylebarron,https://github.com/developmentseed/deck.gl-raster/issues/327,2026-03-11T15:01:12Z,2026-04-27T16:51:04Z,developmentseed,deck.gl-raster,kylebarron
375,Failing rendering with non-square pixels,Issue,closed,cbdj,https://github.com/developmentseed/deck.gl-raster/issues/375,2026-03-27T15:11:49Z,2026-04-28T05:42:43Z,developmentseed,deck.gl-raster,kylebarron
407,geotiff: Implement fetch coalescing for GeoTIFF `fetchTiles`,Issue,closed,kylebarron,https://github.com/developmentseed/deck.gl-raster/issues/407,2026-04-09T22:14:31Z,2026-05-12T21:13:12Z,developmentseed,deck.gl-raster,kylebarron
428,geotiff: Don't dynamic import tiny decompressors?,Issue,closed,kylebarron,https://github.com/developmentseed/deck.gl-raster/issues/428,2026-04-15T19:45:23Z,2026-04-27T17:47:35Z,developmentseed,deck.gl-raster,kylebarron
444,feat: temperature anomaly deck.gl-raster zarr example,PR,closed,wrynearson,https://github.com/developmentseed/deck.gl-raster/pull/444,2026-04-20T11:12:03Z,2026-05-01T07:39:10Z,developmentseed,deck.gl-raster,kylebarron
450,"Load tiles from center of the viewport and spiraling out, instead of starting from the top left",Issue,closed,kylebarron,https://github.com/developmentseed/deck.gl-raster/issues/450,2026-04-20T17:37:43Z,2026-05-14T21:39:14Z,developmentseed,deck.gl-raster,kylebarron
456,Split off COG tile traversal from TileMatrixSet,Issue,closed,kylebarron,https://github.com/developmentseed/deck.gl-raster/issues/456,2026-04-21T14:29:45Z,2026-04-27T16:51:05Z,developmentseed,deck.gl-raster,kylebarron
468,chore: Update to uuid v14,PR,closed,jcoyne,https://github.com/developmentseed/deck.gl-raster/pull/468,2026-04-24T18:03:05Z,2026-04-27T14:35:06Z,developmentseed,deck.gl-raster,kylebarron
500,geotiff: multiplier for HTTP range sizes for header metadata,Issue,closed,kylebarron,https://github.com/developmentseed/deck.gl-raster/issues/500,2026-05-01T20:32:08Z,2026-05-26T16:39:53Z,developmentseed,deck.gl-raster,kylebarron
501,geotiff: Helper to get byte length of header,Issue,closed,kylebarron,https://github.com/developmentseed/deck.gl-raster/issues/501,2026-05-01T21:25:39Z,2026-05-12T19:43:37Z,developmentseed,deck.gl-raster,kylebarron
504,Create Zarr example backed by icechunk,Issue,closed,kylebarron,https://github.com/developmentseed/deck.gl-raster/issues/504,2026-05-05T03:24:44Z,2026-05-26T16:46:32Z,developmentseed,deck.gl-raster,kylebarron
505,COGLayer: Whether to use linear or nearest sampling by default,Issue,closed,kylebarron,https://github.com/developmentseed/deck.gl-raster/issues/505,2026-05-05T03:45:29Z,2026-05-07T19:35:26Z,developmentseed,deck.gl-raster,kylebarron
512,Loss of precision (jitter) with high resolution imagery,Issue,closed,kylebarron,https://github.com/developmentseed/deck.gl-raster/issues/512,2026-05-07T14:12:32Z,2026-05-20T21:26:52Z,developmentseed,deck.gl-raster,kylebarron
517,Rendering in multiple world copies,Issue,closed,kylebarron,https://github.com/developmentseed/deck.gl-raster/issues/517,2026-05-07T21:02:49Z,2026-05-21T18:59:50Z,developmentseed,deck.gl-raster,kylebarron
519,Make shared components across examples,Issue,closed,kylebarron,https://github.com/developmentseed/deck.gl-raster/issues/519,2026-05-08T21:08:18Z,2026-05-26T16:40:05Z,developmentseed,deck.gl-raster,kylebarron
523,Tile traversal regression: getTileIndices ~12 ms/frame on HiDPI (no cross-frame memoization),Issue,closed,kylebarron,https://github.com/developmentseed/deck.gl-raster/issues/523,2026-05-11T19:10:23Z,2026-05-26T16:40:08Z,developmentseed,deck.gl-raster,kylebarron
524,SourceError: Request outside of bounds,Issue,closed,kylebarron,https://github.com/developmentseed/deck.gl-raster/issues/524,2026-05-11T19:21:14Z,2026-05-26T16:39:51Z,developmentseed,deck.gl-raster,kylebarron
528,geotiff: Reduce latency for visualizing large COGs,Issue,closed,kylebarron,https://github.com/developmentseed/deck.gl-raster/issues/528,2026-05-12T16:47:24Z,2026-05-26T16:39:45Z,developmentseed,deck.gl-raster,kylebarron
532,Add explicit `key?: string` to `sources` input in MosaicLayer,Issue,closed,kylebarron,https://github.com/developmentseed/deck.gl-raster/issues/532,2026-05-13T02:14:08Z,2026-05-13T16:30:43Z,developmentseed,deck.gl-raster,kylebarron
537,Failing publish of 0.7.0-beta.1,Issue,closed,kylebarron,https://github.com/developmentseed/deck.gl-raster/issues/537,2026-05-13T19:44:53Z,2026-05-13T20:09:36Z,developmentseed,deck.gl-raster,kylebarron
539,[Bug] TIFF PlanarConfiguration is not a required tag,Issue,closed,kylebarron,https://github.com/developmentseed/deck.gl-raster/issues/539,2026-05-13T21:27:52Z,2026-05-14T14:20:44Z,developmentseed,deck.gl-raster,kylebarron
555,MosaicLayer: Connect RequestScheduler of the top-level layer with all sub layers,Issue,closed,kylebarron,https://github.com/developmentseed/deck.gl-raster/issues/555,2026-05-15T16:21:13Z,2026-05-22T17:50:09Z,developmentseed,deck.gl-raster,kylebarron
564,fix(deck.gl-geotiff): Re-register proj4 projections to survive CDN tree-shaking,PR,closed,tylere,https://github.com/developmentseed/deck.gl-raster/pull/564,2026-05-21T18:38:17Z,2026-05-21T19:30:09Z,developmentseed,deck.gl-raster,kylebarron
565,Revert ConcurrencyLimiter to a chunkd SourceMiddleware once chunkd forwards the abort signal,Issue,closed,kylebarron,https://github.com/developmentseed/deck.gl-raster/issues/565,2026-05-22T15:15:33Z,2026-05-26T20:20:32Z,developmentseed,deck.gl-raster,kylebarron
569,Add icechunk-based Zarr example,Issue,closed,kylebarron,https://github.com/developmentseed/deck.gl-raster/issues/569,2026-05-22T19:44:11Z,2026-05-27T21:01:00Z,developmentseed,deck.gl-raster,abarciauskas-bgse
570,Fix umbra http -> https link,Issue,closed,kylebarron,https://github.com/developmentseed/deck.gl-raster/issues/570,2026-05-26T16:50:11Z,2026-05-26T17:24:39Z,developmentseed,deck.gl-raster,kylebarron
591,Update examples to destroy user-created textures,Issue,closed,kylebarron,https://github.com/developmentseed/deck.gl-raster/issues/591,2026-06-04T21:21:31Z,2026-06-05T19:58:17Z,developmentseed,deck.gl-raster,kylebarron
592,Fix dynamical example,Issue,closed,kylebarron,https://github.com/developmentseed/deck.gl-raster/issues/592,2026-06-04T21:22:20Z,2026-06-05T21:10:41Z,developmentseed,deck.gl-raster,kylebarron
602,docs: Add git submodule install instructions,PR,closed,abarciauskas-bgse,https://github.com/developmentseed/deck.gl-raster/pull/602,2026-06-12T21:40:26Z,2026-06-15T17:07:13Z,developmentseed,deck.gl-raster,kylebarron
24,chore(main): release 0.1.1,PR,closed,ds-release-bot[bot],https://github.com/developmentseed/lazycogs/pull/24,2026-04-27T17:51:50Z,2026-04-27T18:01:20Z,developmentseed,lazycogs,hrodmn
26,Why have `open_async`?,Issue,closed,kylebarron,https://github.com/developmentseed/lazycogs/issues/26,2026-04-27T21:58:07Z,2026-04-29T14:07:30Z,developmentseed,lazycogs,hrodmn
36,Nodata values encoded in xarray?,Issue,closed,kylebarron,https://github.com/developmentseed/lazycogs/issues/36,2026-04-28T15:54:13Z,2026-05-26T17:20:29Z,developmentseed,lazycogs,hrodmn
48,Explore rasterix integration,Issue,closed,hrodmn,https://github.com/developmentseed/lazycogs/issues/48,2026-05-05T01:11:44Z,2026-05-07T02:18:06Z,developmentseed,lazycogs,hrodmn
64,Error during DataArray.copy,Issue,closed,lukesdm,https://github.com/developmentseed/lazycogs/issues/64,2026-06-01T11:38:19Z,2026-06-01T16:00:39Z,developmentseed,lazycogs,hrodmn
65,Avoid storing lazy runtime state in DataArray.attrs,Issue,closed,hrodmn,https://github.com/developmentseed/lazycogs/issues/65,2026-06-01T14:22:55Z,2026-06-01T14:35:19Z,developmentseed,lazycogs,hrodmn
68,dtype/nodata args not provided to _ChunkContext in explain path,Issue,closed,hrodmn,https://github.com/developmentseed/lazycogs/issues/68,2026-06-01T14:42:45Z,2026-06-01T14:58:04Z,developmentseed,lazycogs,hrodmn
70,Make lazycogs outputs rioxarray-ready without metadata repair,Issue,closed,hrodmn,https://github.com/developmentseed/lazycogs/issues/70,2026-06-01T15:18:54Z,2026-06-01T15:56:38Z,developmentseed,lazycogs,hrodmn
73,sub-daily (hourly) temporal grouping (PT1H) or time_period=None,Issue,closed,Berhinj,https://github.com/developmentseed/lazycogs/issues/73,2026-06-23T08:34:47Z,2026-06-29T07:39:31Z,developmentseed,lazycogs,hrodmn
76,Incorrect datetime filtering when start/end properties are present,Issue,closed,s-kganz,https://github.com/developmentseed/lazycogs/issues/76,2026-06-24T17:40:52Z,2026-06-29T16:58:42Z,developmentseed,lazycogs,hrodmn
1114,[BUG] H3HexagonLayer can fail for cells close to poles or antimeridian due to h3-py bug in viewport,Issue,closed,jorisvandenbossche,https://github.com/developmentseed/lonboard/issues/1114,2026-02-25T11:17:20Z,2026-05-31T22:49:22Z,developmentseed,lonboard,kylebarron
1201,adds a one-way fly_to_command traitlet enabling flyTo from JS,PR,closed,batpad,https://github.com/developmentseed/lonboard/pull/1201,2026-06-07T12:02:38Z,2026-06-09T11:23:33Z,developmentseed,lonboard,kylebarron
1203,Revamped pyodide support,Issue,closed,kylebarron,https://github.com/developmentseed/lonboard/issues/1203,2026-06-11T19:53:18Z,2026-06-12T17:22:57Z,developmentseed,lonboard,kylebarron
1403,move from httpx to httpx2,Issue,closed,vincentsarago,https://github.com/developmentseed/titiler/issues/1403,2026-05-28T08:35:56Z,2026-06-05T10:06:49Z,developmentseed,titiler,hrodmn
1432,titiler.xarray.io imports httpx but httpx is not listed as a dependency,Issue,closed,hrodmn,https://github.com/developmentseed/titiler/issues/1432,2026-06-18T01:21:43Z,2026-06-18T04:28:26Z,developmentseed,titiler,hrodmn
175,fix: avoid duplicating GranuleSearch params in timeseries requests,PR,closed,hrodmn,https://github.com/developmentseed/titiler-cmr/pull/175,2026-05-05T17:25:04Z,2026-05-06T14:50:42Z,developmentseed,titiler-cmr,chuckwondo
176,chore: ci upgrades and security fixes,PR,closed,hrodmn,https://github.com/developmentseed/titiler-cmr/pull/176,2026-05-08T13:43:32Z,2026-05-08T14:36:26Z,developmentseed,titiler-cmr,chuckwondo
177,chore: replace dynamic versioning with release-please,PR,closed,hrodmn,https://github.com/developmentseed/titiler-cmr/pull/177,2026-05-08T15:08:43Z,2026-05-08T17:16:28Z,developmentseed,titiler-cmr,chuckwondo
178,fix: better async request handling in timeseries endpoints,PR,closed,hrodmn,https://github.com/developmentseed/titiler-cmr/pull/178,2026-05-08T17:33:40Z,2026-05-19T14:30:26Z,developmentseed,titiler-cmr,chuckwondo
182,fix: upgrade dependencies,PR,closed,hrodmn,https://github.com/developmentseed/titiler-cmr/pull/182,2026-05-29T10:50:36Z,2026-05-29T16:54:57Z,developmentseed,titiler-cmr,abarciauskas-bgse
185,Add group hints to the `/compatibility` endpoint for hierarchical xarray datasets,Issue,closed,hrodmn,https://github.com/developmentseed/titiler-cmr/issues/185,2026-06-02T20:02:55Z,2026-06-09T15:27:07Z,developmentseed,titiler-cmr,abarciauskas-bgse
186,feat: add group inspection to compatibility endpoint,PR,closed,hrodmn,https://github.com/developmentseed/titiler-cmr/pull/186,2026-06-03T02:27:48Z,2026-06-09T15:27:08Z,developmentseed,titiler-cmr,chuckwondo
188,fix: do not ignore case when parsing expressions,PR,closed,hrodmn,https://github.com/developmentseed/titiler-cmr/pull/188,2026-06-08T11:48:48Z,2026-06-09T15:25:08Z,developmentseed,titiler-cmr,chuckwondo
193,chore: record httpx2 traffic with vcr-py,PR,closed,hrodmn,https://github.com/developmentseed/titiler-cmr/pull/193,2026-06-09T18:24:32Z,2026-06-10T17:03:22Z,developmentseed,titiler-cmr,chuckwondo
197,ci: set default branch to main in deploy-dev action workflow,PR,closed,hrodmn,https://github.com/developmentseed/titiler-cmr/pull/197,2026-06-17T14:56:44Z,2026-06-17T15:01:15Z,developmentseed,titiler-cmr,chuckwondo
198,fix: upgrade dependencies for security patches,PR,closed,hrodmn,https://github.com/developmentseed/titiler-cmr/pull/198,2026-06-17T15:05:25Z,2026-06-17T15:54:36Z,developmentseed,titiler-cmr,chuckwondo
201,"fix: improve CMR query logging and error response, increase default timeout to 20s",PR,closed,hrodmn,https://github.com/developmentseed/titiler-cmr/pull/201,2026-06-17T20:08:24Z,2026-06-17T20:55:56Z,developmentseed,titiler-cmr,chuckwondo
202,fix: install titiler 2.0.5 to avoid missing httpx dependency,PR,closed,hrodmn,https://github.com/developmentseed/titiler-cmr/pull/202,2026-06-18T01:22:48Z,2026-06-18T12:46:04Z,developmentseed,titiler-cmr,chuckwondo
48,Add documentation describing poor deserialization performance of vlen data.,Issue,closed,sharkinsspatial,https://github.com/developmentseed/zarr-datafusion-search/issues/48,2026-04-27T22:42:50Z,2026-04-29T21:47:42Z,developmentseed,zarr-datafusion-search,sharkinsspatial
52,Build rustac utility to load STAC queries into datafusion schema,Issue,closed,abarciauskas-bgse,https://github.com/developmentseed/zarr-datafusion-search/issues/52,2026-05-05T01:02:39Z,2026-05-14T14:25:46Z,developmentseed,zarr-datafusion-search,sharkinsspatial
104,Reading virtual references back out into VirtualiZarr Manifests,Issue,closed,TomNicholas,https://github.com/earth-mover/icechunk/issues/104,2024-09-25T18:05:22Z,2026-05-21T18:16:14Z,earth-mover,icechunk,maxrjones
997,Support basic and bearer auth for Http Storage,Issue,closed,mpiannucci,https://github.com/earth-mover/icechunk/issues/997,2025-06-17T13:11:53Z,2026-06-19T02:22:56Z,earth-mover,icechunk,maxrjones
1549,Way to fetch location of inlined chunk,Issue,closed,TomNicholas,https://github.com/earth-mover/icechunk/issues/1549,2026-01-09T20:28:11Z,2026-05-13T18:56:08Z,earth-mover,icechunk,maxrjones
96,[docs/bug] notebook link broken,Issue,closed,norlandrhagen,https://github.com/virtual-zarr/virtual-tiff/issues/96,2026-04-13T20:38:45Z,2026-04-29T21:37:15Z,virtual-zarr,virtual-tiff,maxrjones
21,url in example does not resolve,Issue,closed,d-v-b,https://github.com/zarr-conventions/multiscales/issues/21,2025-12-03T09:30:48Z,2026-06-12T19:48:51Z,zarr-conventions,multiscales,d-v-b
26,Require uuid in ZCM objects,PR,closed,maxrjones,https://github.com/zarr-conventions/multiscales/pull/26,2025-12-12T17:13:17Z,2026-05-03T17:46:42Z,zarr-conventions,multiscales,d-v-b
36,docs: update details for spatial and proj conventions,PR,closed,maxrjones,https://github.com/zarr-conventions/multiscales/pull/36,2026-06-11T00:39:13Z,2026-06-11T05:42:14Z,zarr-conventions,multiscales,d-v-b
37,chore: prepare for v0.1 release,PR,closed,maxrjones,https://github.com/zarr-conventions/multiscales/pull/37,2026-06-12T01:41:21Z,2026-06-12T13:01:15Z,zarr-conventions,multiscales,d-v-b
17,Add recommended reading/writing preference when multiple CRS representations are present,Issue,closed,emmanuelmathot,https://github.com/zarr-conventions/proj/issues/17,2026-03-18T13:52:32Z,2026-05-17T09:07:20Z,zarr-conventions,proj,d-v-b
19,Release not available,Issue,closed,pvanlaake,https://github.com/zarr-conventions/proj/issues/19,2026-04-22T15:14:19Z,2026-06-12T19:44:50Z,zarr-conventions,proj,maxrjones
20,Release v1,PR,closed,emmanuelmathot,https://github.com/zarr-conventions/proj/pull/20,2026-04-29T06:11:36Z,2026-06-12T19:41:21Z,zarr-conventions,proj,maxrjones
21,Add recommendations for CRS representation in proj: convention,PR,closed,emmanuelmathot,https://github.com/zarr-conventions/proj/pull/21,2026-04-29T06:29:58Z,2026-05-14T19:33:21Z,zarr-conventions,proj,maxrjones
22,Remove colon from convention name,PR,closed,emmanuelmathot,https://github.com/zarr-conventions/proj/pull/22,2026-05-13T21:42:13Z,2026-05-14T15:39:05Z,zarr-conventions,proj,maxrjones
10,Proper handling of the Z dimension,Issue,closed,maxrjones,https://github.com/zarr-conventions/spatial/issues/10,2026-04-03T01:43:48Z,2026-05-14T19:57:16Z,zarr-conventions,spatial,maxrjones
14,Readability improvements to README,PR,closed,kylebarron,https://github.com/zarr-conventions/spatial/pull/14,2026-04-07T14:18:32Z,2026-05-20T15:34:11Z,zarr-conventions,spatial,maxrjones
18,`spatial:transform`,Issue,closed,pvanlaake,https://github.com/zarr-conventions/spatial/issues/18,2026-04-12T18:12:06Z,2026-05-18T19:18:46Z,zarr-conventions,spatial,maxrjones
22,Make `dimension_names` mandatory at array level,Issue,closed,vincentsarago,https://github.com/zarr-conventions/spatial/issues/22,2026-05-13T10:10:58Z,2026-05-17T20:11:24Z,zarr-conventions,spatial,maxrjones
24,Restrict spatial: convention to 2D (X/Y) only,PR,closed,emmanuelmathot,https://github.com/zarr-conventions/spatial/pull/24,2026-05-13T20:33:53Z,2026-05-14T19:57:16Z,zarr-conventions,spatial,maxrjones
25,Refine spatial:dimensions: array-required + link dimension_names,PR,closed,emmanuelmathot,https://github.com/zarr-conventions/spatial/pull/25,2026-05-13T21:18:54Z,2026-05-18T08:00:07Z,zarr-conventions,spatial,maxrjones
26,Add FAQ: spatial: provides implicit coordinates,PR,closed,emmanuelmathot,https://github.com/zarr-conventions/spatial/pull/26,2026-05-13T21:29:25Z,2026-05-14T15:50:09Z,zarr-conventions,spatial,maxrjones
27,Drop trailing colon from convention name,PR,closed,emmanuelmathot,https://github.com/zarr-conventions/spatial/pull/27,2026-05-13T21:35:31Z,2026-05-14T15:39:49Z,zarr-conventions,spatial,maxrjones
28,Describe spatial:transform elements in coordinate space,PR,closed,pvanlaake,https://github.com/zarr-conventions/spatial/pull/28,2026-05-15T14:30:02Z,2026-05-18T19:18:45Z,zarr-conventions,spatial,maxrjones
29,Update URLs to proj convention,PR,closed,kylebarron,https://github.com/zarr-conventions/spatial/pull/29,2026-05-19T18:52:36Z,2026-06-05T19:48:58Z,zarr-conventions,spatial,maxrjones
34,`spatial:dimensions` is confusing.,Issue,closed,dcherian,https://github.com/zarr-conventions/spatial/issues/34,2026-06-02T22:52:37Z,2026-06-06T00:01:01Z,zarr-conventions,spatial,maxrjones
6,implementations: update GDAL to Full,PR,closed,wietzesuijker,https://github.com/zarr-developers/geozarr-site/pull/6,2026-03-06T02:57:23Z,2026-05-14T15:18:29Z,zarr-developers,geozarr-site,maxrjones
7,"""Edit this page on GitHub"" links result in 404s",Issue,closed,tylere,https://github.com/zarr-developers/geozarr-site/issues/7,2026-03-16T16:48:54Z,2026-05-14T15:23:46Z,zarr-developers,geozarr-site,maxrjones
10,implementations: expand compatibility matrix and add implementation details,PR,closed,emmanuelmathot,https://github.com/zarr-developers/geozarr-site/pull/10,2026-04-02T12:24:17Z,2026-05-14T15:17:29Z,zarr-developers,geozarr-site,maxrjones
11,Link to eopf data-model leads to 404,Issue,closed,felixcremer,https://github.com/zarr-developers/geozarr-site/issues/11,2026-04-20T08:03:49Z,2026-05-14T15:23:19Z,zarr-developers,geozarr-site,maxrjones
18,Add STAC-browser to implementations,Issue,closed,maxrjones,https://github.com/zarr-developers/geozarr-site/issues/18,2026-06-03T00:25:51Z,2026-06-11T20:54:14Z,zarr-developers,geozarr-site,maxrjones
19,Clarify meeting times,Issue,closed,felixcremer,https://github.com/zarr-developers/geozarr-site/issues/19,2026-06-11T06:50:52Z,2026-06-11T20:30:21Z,zarr-developers,geozarr-site,maxrjones
134,No downloadable GeoZarr sample found,Issue,closed,christophenoel,https://github.com/zarr-developers/geozarr-spec/issues/134,2026-04-28T09:24:53Z,2026-05-20T14:10:12Z,zarr-developers,geozarr-spec,maxrjones
141,Why is the GeoZarr spec needed at all if it's just referencing other conventions?,Issue,closed,maxrjones,https://github.com/zarr-developers/geozarr-spec/issues/141,2026-06-03T22:49:31Z,2026-06-05T23:41:04Z,zarr-developers,geozarr-spec,maxrjones
814,"Documentation cleanup: fix typos, grammar, and naming consistency",PR,closed,DimitriPapadopoulos,https://github.com/zarr-developers/numcodecs/pull/814,2026-02-08T10:13:06Z,2026-05-14T08:00:20Z,zarr-developers,numcodecs,d-v-b
817,update pcodec,PR,closed,mwlon,https://github.com/zarr-developers/numcodecs/pull/817,2026-02-12T12:41:24Z,2026-06-18T19:58:18Z,zarr-developers,numcodecs,d-v-b
838,Bump GitHub actions,PR,closed,DimitriPapadopoulos,https://github.com/zarr-developers/numcodecs/pull/838,2026-04-12T08:44:33Z,2026-06-19T13:19:50Z,zarr-developers,numcodecs,d-v-b
839,CI: Fix Meson mixup between Conda and system Python headers,PR,closed,DimitriPapadopoulos,https://github.com/zarr-developers/numcodecs/pull/839,2026-04-18T13:32:09Z,2026-05-14T07:48:37Z,zarr-developers,numcodecs,d-v-b
840,zarr-python does not depend on crc32c anymore,PR,closed,DimitriPapadopoulos,https://github.com/zarr-developers/numcodecs/pull/840,2026-04-18T15:39:34Z,2026-06-18T12:12:52Z,zarr-developers,numcodecs,d-v-b
167,Proposal: Migrate from Jekyll to VitePress,Issue,closed,maxrjones,https://github.com/zarr-developers/zarr-developers.github.io/issues/167,2026-02-24T02:39:57Z,2026-06-02T23:19:34Z,zarr-developers,zarr-developers.github.io,maxrjones
172,feat: redesign website,PR,closed,maxrjones,https://github.com/zarr-developers/zarr-developers.github.io/pull/172,2026-05-08T14:07:49Z,2026-05-08T16:24:34Z,zarr-developers,zarr-developers.github.io,d-v-b
173,add earthmover logo to adopters and datasets pages,PR,closed,jhamman,https://github.com/zarr-developers/zarr-developers.github.io/pull/173,2026-05-08T20:56:36Z,2026-05-11T15:55:48Z,zarr-developers,zarr-developers.github.io,maxrjones
18,numpy `S*` and `V*` dtypes,Issue,closed,d-v-b,https://github.com/zarr-developers/zarr-extensions/issues/18,2025-06-07T15:41:25Z,2026-05-16T11:08:26Z,zarr-developers,zarr-extensions,d-v-b
486,How to prevent Zarr from returning NaN for missing chunks?,Issue,closed,willirath,https://github.com/zarr-developers/zarr-python/issues/486,2019-10-19T11:52:54Z,2026-04-30T22:32:56Z,zarr-developers,zarr-python,d-v-b
514,Consider moving the tutorial to a Jupyter notebook,Issue,closed,jrbourbeau,https://github.com/zarr-developers/zarr-python/issues/514,2019-11-15T18:26:26Z,2026-06-16T23:57:58Z,zarr-developers,zarr-python,maxrjones
592,Support discarding chunks,Issue,closed,sbalmer,https://github.com/zarr-developers/zarr-python/issues/592,2020-08-28T12:53:41Z,2026-06-17T00:43:55Z,zarr-developers,zarr-python,maxrjones
857,ProcessSynchronizer not write safe,Issue,closed,oftfrfbf,https://github.com/zarr-developers/zarr-python/issues/857,2021-10-21T20:06:01Z,2026-06-17T00:33:54Z,zarr-developers,zarr-python,maxrjones
1118,Adding GitHub release publishing step (when tagging),Issue,closed,jakirkham,https://github.com/zarr-developers/zarr-python/issues/1118,2022-09-01T16:36:04Z,2026-05-13T13:45:26Z,zarr-developers,zarr-python,maxrjones
1232,Add Frequently Asked Question section( FAQ) to docs,Issue,closed,steph237,https://github.com/zarr-developers/zarr-python/issues/1232,2022-10-28T10:11:53Z,2026-06-16T23:59:30Z,zarr-developers,zarr-python,maxrjones
1245,Add example to docs of using memory-mapping,Issue,closed,jakirkham,https://github.com/zarr-developers/zarr-python/issues/1245,2022-11-02T20:04:46Z,2026-06-17T00:01:30Z,zarr-developers,zarr-python,maxrjones
1266,Release note workflow,Issue,closed,jakirkham,https://github.com/zarr-developers/zarr-python/issues/1266,2022-11-15T21:35:42Z,2026-05-13T13:19:32Z,zarr-developers,zarr-python,maxrjones
1595,Implement Variable Chunking (ZEP003) in V3,Issue,closed,jhamman,https://github.com/zarr-developers/zarr-python/issues/1595,2023-12-07T21:45:30Z,2026-06-25T23:59:50Z,zarr-developers,zarr-python,d-v-b
1752,[v3] Internal ChunkGrid API,Issue,closed,jhamman,https://github.com/zarr-developers/zarr-python/issues/1752,2024-04-05T17:42:05Z,2026-06-26T00:00:30Z,zarr-developers,zarr-python,maxrjones
2022,Fix indexing bug when reading past the first chunk in a shard,PR,closed,darsnack,https://github.com/zarr-developers/zarr-python/pull/2022,2024-07-10T12:58:43Z,2026-05-14T17:16:38Z,zarr-developers,zarr-python,d-v-b
2181,Explain why N5Store is being removed,Issue,closed,dstansby,https://github.com/zarr-developers/zarr-python/issues/2181,2024-09-13T13:10:40Z,2026-05-13T13:20:57Z,zarr-developers,zarr-python,d-v-b
2419,Review TODOs before v3?,Issue,closed,DimitriPapadopoulos,https://github.com/zarr-developers/zarr-python/issues/2419,2024-10-20T12:37:47Z,2026-05-13T13:46:33Z,zarr-developers,zarr-python,maxrjones
2447,more extensive `api` x `store` testing,PR,closed,d-v-b,https://github.com/zarr-developers/zarr-python/pull/2447,2024-10-30T12:19:10Z,2026-06-08T14:13:34Z,zarr-developers,zarr-python,chuckwondo
2559,xarray integration tests,PR,closed,rwegener2,https://github.com/zarr-developers/zarr-python/pull/2559,2024-12-14T21:19:56Z,2026-06-12T09:34:10Z,zarr-developers,zarr-python,d-v-b
2929,Metadata comparison fails for NaN fill_values,Issue,closed,TomNicholas,https://github.com/zarr-developers/zarr-python/issues/2929,2025-03-24T19:17:14Z,2026-05-22T16:07:40Z,zarr-developers,zarr-python,d-v-b
3004,Optimize partial shard reads,PR,closed,aldenks,https://github.com/zarr-developers/zarr-python/pull/3004,2025-04-22T04:34:59Z,2026-05-19T15:31:31Z,zarr-developers,zarr-python,d-v-b
3006,DOC: release-notes missing for 3.0.7 release,Issue,closed,TomAugspurger,https://github.com/zarr-developers/zarr-python/issues/3006,2025-04-22T17:26:27Z,2026-04-29T18:36:18Z,zarr-developers,zarr-python,d-v-b
3084,deprecate / remove support for creating v2 array metadata with `null` fill value ,Issue,closed,d-v-b,https://github.com/zarr-developers/zarr-python/issues/3084,2025-05-23T09:15:48Z,2026-06-03T20:12:06Z,zarr-developers,zarr-python,d-v-b
3102,zarr python 2.18 is incompatible with numpy's variable-length strings dtype,Issue,closed,d-v-b,https://github.com/zarr-developers/zarr-python/issues/3102,2025-05-28T09:57:57Z,2026-06-03T19:54:48Z,zarr-developers,zarr-python,d-v-b
3164,Memory Leak in Sharded Zarr Indexing,Issue,closed,rm1113,https://github.com/zarr-developers/zarr-python/issues/3164,2025-06-23T12:08:25Z,2026-06-10T02:16:56Z,zarr-developers,zarr-python,d-v-b
3174,Segmentation Fault on reading StringDType ZarrArray,Issue,closed,FabricioArendTorres,https://github.com/zarr-developers/zarr-python/issues/3174,2025-06-26T14:10:34Z,2026-06-03T19:51:16Z,zarr-developers,zarr-python,d-v-b
3247,Confusing constructors for new data types,Issue,closed,TomNicholas,https://github.com/zarr-developers/zarr-python/issues/3247,2025-07-15T13:19:33Z,2026-06-03T19:50:08Z,zarr-developers,zarr-python,d-v-b
3354,DOC: developer docs for building documentation,Issue,closed,K-Meech,https://github.com/zarr-developers/zarr-python/issues/3354,2025-08-06T13:23:13Z,2026-06-16T23:32:30Z,zarr-developers,zarr-python,d-v-b
3355,add modules for types,PR,closed,d-v-b,https://github.com/zarr-developers/zarr-python/pull/3355,2025-08-06T15:03:26Z,2026-05-01T22:15:45Z,zarr-developers,zarr-python,maxrjones
3405,Incorporate script checking downstream tests - to ease release,Issue,closed,ianhi,https://github.com/zarr-developers/zarr-python/issues/3405,2025-08-25T18:14:43Z,2026-06-03T13:44:20Z,zarr-developers,zarr-python,d-v-b
3416,`BytesCodec`'s `endian` does not roundtrip,Issue,closed,keewis,https://github.com/zarr-developers/zarr-python/issues/3416,2025-08-30T09:53:15Z,2026-06-18T19:51:57Z,zarr-developers,zarr-python,d-v-b
3417,allow roundtripping the `BytesCodec`,PR,closed,keewis,https://github.com/zarr-developers/zarr-python/pull/3417,2025-08-30T20:13:41Z,2026-06-18T19:51:56Z,zarr-developers,zarr-python,d-v-b
3452,Feature: support uvloop as a faster alternative to Python's default IO loop,PR,closed,jhamman,https://github.com/zarr-developers/zarr-python/pull/3452,2025-09-14T03:22:08Z,2026-05-06T13:50:17Z,zarr-developers,zarr-python,d-v-b
3457,deprecate / remove enums,Issue,closed,d-v-b,https://github.com/zarr-developers/zarr-python/issues/3457,2025-09-15T09:06:02Z,2026-06-12T15:16:40Z,zarr-developers,zarr-python,d-v-b
3469,"Bytes array + ellipsis slicing -> IndexError: too many indices for array; expected 0, got 1",Issue,closed,cmalinmayor,https://github.com/zarr-developers/zarr-python/issues/3469,2025-09-17T14:24:57Z,2026-06-26T14:14:50Z,zarr-developers,zarr-python,d-v-b
3498,missing doctests,Issue,closed,d-v-b,https://github.com/zarr-developers/zarr-python/issues/3498,2025-10-01T11:44:36Z,2026-05-26T20:23:32Z,zarr-developers,zarr-python,chuckwondo
3519,Relax constraint on numpy during type checking,PR,closed,DimitriPapadopoulos,https://github.com/zarr-developers/zarr-python/pull/3519,2025-10-13T19:19:20Z,2026-06-12T14:03:15Z,zarr-developers,zarr-python,d-v-b
3534,Feature: support rectilinear chunk grid extension ,PR,closed,jhamman,https://github.com/zarr-developers/zarr-python/pull/3534,2025-10-20T12:36:21Z,2026-05-06T13:50:01Z,zarr-developers,zarr-python,d-v-b
3711,disallow regular chunk grid with 0-length chunks,Issue,closed,d-v-b,https://github.com/zarr-developers/zarr-python/issues/3711,2026-02-16T10:57:04Z,2026-06-03T19:48:09Z,zarr-developers,zarr-python,d-v-b
3724,DOC: broken redirects of `zarr.codecs.numcodecs` in the API reference,Issue,closed,keewis,https://github.com/zarr-developers/zarr-python/issues/3724,2026-02-26T16:01:11Z,2026-06-03T19:51:23Z,zarr-developers,zarr-python,d-v-b
3734,chunk grid base class should not act as a registry,Issue,closed,d-v-b,https://github.com/zarr-developers/zarr-python/issues/3734,2026-03-01T03:48:39Z,2026-06-03T19:42:42Z,zarr-developers,zarr-python,d-v-b
3751,Cannot write a 0 dimensional array with sharding,Issue,closed,d-v-b,https://github.com/zarr-developers/zarr-python/issues/3751,2026-03-08T19:27:29Z,2026-05-14T11:01:40Z,zarr-developers,zarr-python,chuckwondo
3772,support scale_offset and cast_value codecs,Issue,closed,d-v-b,https://github.com/zarr-developers/zarr-python/issues/3772,2026-03-13T09:02:30Z,2026-06-03T19:41:52Z,zarr-developers,zarr-python,d-v-b
3795,public types for metadata objects,Issue,closed,d-v-b,https://github.com/zarr-developers/zarr-python/issues/3795,2026-03-20T11:13:02Z,2026-06-16T23:56:16Z,zarr-developers,zarr-python,d-v-b
3826,feat: subchunk write order,PR,closed,ilan-gold,https://github.com/zarr-developers/zarr-python/pull/3826,2026-03-24T11:04:30Z,2026-05-22T12:01:34Z,zarr-developers,zarr-python,d-v-b
3856,fix: update OSPO action references to canonical org path,PR,closed,zkoppert,https://github.com/zarr-developers/zarr-python/pull/3856,2026-03-31T19:46:17Z,2026-06-12T17:19:41Z,zarr-developers,zarr-python,d-v-b
3861,Document kwargs in zarr.create,PR,closed,Osaidgit,https://github.com/zarr-developers/zarr-python/pull/3861,2026-04-01T09:13:13Z,2026-04-26T08:41:14Z,zarr-developers,zarr-python,d-v-b
3866,Provide informative errors when opening Icechunk data without the Icechunk storage transformer,Issue,closed,maxrjones,https://github.com/zarr-developers/zarr-python/issues/3866,2026-04-02T23:46:28Z,2026-06-02T23:22:44Z,zarr-developers,zarr-python,d-v-b
3867,"zarr v3 scale-offset codec, and should the codec API be defined upstream",Issue,closed,d-v-b,https://github.com/zarr-developers/zarr-python/issues/3867,2026-04-03T09:04:41Z,2026-04-30T20:40:13Z,zarr-developers,zarr-python,d-v-b
3869,Consider `Iterable[Iterable[int]]` for `ChunksLike` instead of `Sequence[Sequence[int]]`,Issue,closed,maxrjones,https://github.com/zarr-developers/zarr-python/issues/3869,2026-04-03T15:48:35Z,2026-05-20T19:43:56Z,zarr-developers,zarr-python,chuckwondo
3874,feat: add cast_value and scale_offset codecs,PR,closed,d-v-b,https://github.com/zarr-developers/zarr-python/pull/3874,2026-04-06T12:20:13Z,2026-06-06T15:55:30Z,zarr-developers,zarr-python,maxrjones
3888,Release Zarr-Python v3.2.0,Issue,closed,maxrjones,https://github.com/zarr-developers/zarr-python/issues/3888,2026-04-08T20:11:51Z,2026-04-30T22:33:40Z,zarr-developers,zarr-python,maxrjones
3896,chore: automate more of the release process,PR,closed,maxrjones,https://github.com/zarr-developers/zarr-python/pull/3896,2026-04-09T16:49:56Z,2026-04-30T21:06:39Z,zarr-developers,zarr-python,d-v-b
3898,"given shape=(s,) chunks=(-1,) should mean (s,)",Issue,closed,d-v-b,https://github.com/zarr-developers/zarr-python/issues/3898,2026-04-10T16:13:48Z,2026-05-07T19:28:48Z,zarr-developers,zarr-python,d-v-b
3899,refactor: simplify internal chunk representation,PR,closed,d-v-b,https://github.com/zarr-developers/zarr-python/pull/3899,2026-04-12T12:27:10Z,2026-05-07T19:28:51Z,zarr-developers,zarr-python,maxrjones
3908,perf: cache default ArraySpec for regular chunk grids,PR,closed,d-v-b,https://github.com/zarr-developers/zarr-python/pull/3908,2026-04-15T09:24:26Z,2026-05-30T07:06:38Z,zarr-developers,zarr-python,maxrjones
3917,test: add tests for version info in zarr,PR,closed,NITHIVARSHATP-07,https://github.com/zarr-developers/zarr-python/pull/3917,2026-04-20T08:47:11Z,2026-06-25T23:19:49Z,zarr-developers,zarr-python,maxrjones
3919,feat:metadata package,PR,closed,d-v-b,https://github.com/zarr-developers/zarr-python/pull/3919,2026-04-21T22:26:27Z,2026-05-01T22:16:13Z,zarr-developers,zarr-python,maxrjones
3925,feat:get_ranges,PR,closed,d-v-b,https://github.com/zarr-developers/zarr-python/pull/3925,2026-04-24T19:06:38Z,2026-05-15T21:34:57Z,zarr-developers,zarr-python,chuckwondo
3926,fix(storage): preserve leading slashes in FsspecStore.path,PR,closed,d-v-b,https://github.com/zarr-developers/zarr-python/pull/3926,2026-04-27T11:15:20Z,2026-04-29T18:13:51Z,zarr-developers,zarr-python,maxrjones
3927,chore/3.2.0 release notes,PR,closed,d-v-b,https://github.com/zarr-developers/zarr-python/pull/3927,2026-04-27T12:55:42Z,2026-04-30T21:29:46Z,zarr-developers,zarr-python,maxrjones
3928,Use f-strings,PR,closed,DimitriPapadopoulos,https://github.com/zarr-developers/zarr-python/pull/3928,2026-04-28T11:42:50Z,2026-04-29T12:42:47Z,zarr-developers,zarr-python,d-v-b
3930,chore(deps): bump the actions group across 1 directory with 12 updates,PR,closed,dependabot[bot],https://github.com/zarr-developers/zarr-python/pull/3930,2026-04-30T04:39:32Z,2026-05-06T03:08:02Z,zarr-developers,zarr-python,d-v-b
3932,docs: build 3.2.0 release notes,PR,closed,d-v-b,https://github.com/zarr-developers/zarr-python/pull/3932,2026-04-30T21:42:21Z,2026-04-30T22:04:53Z,zarr-developers,zarr-python,maxrjones
3935,chore: cd workflow,PR,closed,d-v-b,https://github.com/zarr-developers/zarr-python/pull/3935,2026-05-02T14:40:53Z,2026-05-17T21:34:56Z,zarr-developers,zarr-python,maxrjones
3936,CastValue wrap validation bug,Issue,closed,LDeakin,https://github.com/zarr-developers/zarr-python/issues/3936,2026-05-03T12:37:32Z,2026-05-03T15:08:56Z,zarr-developers,zarr-python,d-v-b
3937,CastValue endianness bug,Issue,closed,LDeakin,https://github.com/zarr-developers/zarr-python/issues/3937,2026-05-03T12:39:20Z,2026-05-04T00:39:42Z,zarr-developers,zarr-python,d-v-b
3938,fix: CastValue wrap validation bug ,PR,closed,d-v-b,https://github.com/zarr-developers/zarr-python/pull/3938,2026-05-03T12:59:13Z,2026-05-03T15:10:22Z,zarr-developers,zarr-python,maxrjones
3939,"`memory://` URL scheme no longer routes to fsspec, breaking interop with `MemoryFileSystem`",Issue,closed,maxrjones,https://github.com/zarr-developers/zarr-python/issues/3939,2026-05-03T14:13:33Z,2026-05-05T04:36:49Z,zarr-developers,zarr-python,d-v-b
3940,ci: run all of xarray's tests in downstream workflow,PR,closed,maxrjones,https://github.com/zarr-developers/zarr-python/pull/3940,2026-05-03T14:22:58Z,2026-05-06T02:46:29Z,zarr-developers,zarr-python,d-v-b
3941,fix: use contextual arrayspec when validating / evolving codecs,PR,closed,d-v-b,https://github.com/zarr-developers/zarr-python/pull/3941,2026-05-03T15:13:16Z,2026-05-04T00:39:27Z,zarr-developers,zarr-python,maxrjones
3942,release : 3.2.1 release notes,PR,closed,d-v-b,https://github.com/zarr-developers/zarr-python/pull/3942,2026-05-04T16:01:34Z,2026-05-05T12:14:21Z,zarr-developers,zarr-python,maxrjones
3943,chore: update pre-commit hooks,PR,closed,pre-commit-ci[bot],https://github.com/zarr-developers/zarr-python/pull/3943,2026-05-04T19:09:20Z,2026-05-06T18:44:50Z,zarr-developers,zarr-python,d-v-b
3944,fix: defer to fsspec for memory url scheme,PR,closed,d-v-b,https://github.com/zarr-developers/zarr-python/pull/3944,2026-05-04T22:45:08Z,2026-05-05T09:13:27Z,zarr-developers,zarr-python,maxrjones
3945,Release Zarr-Python v3.2.1,Issue,closed,d-v-b,https://github.com/zarr-developers/zarr-python/issues/3945,2026-05-05T12:21:25Z,2026-05-11T07:01:53Z,zarr-developers,zarr-python,d-v-b
3946,Run-Length Encoding input is not properly supported by RectilinearChunkGrid,Issue,closed,maxrjones,https://github.com/zarr-developers/zarr-python/issues/3946,2026-05-05T13:41:22Z,2026-05-11T18:30:25Z,zarr-developers,zarr-python,d-v-b
3947,Allow s3 testing in face of ambient AWS credentials,PR,closed,chuckwondo,https://github.com/zarr-developers/zarr-python/pull/3947,2026-05-05T23:31:09Z,2026-05-06T02:20:30Z,zarr-developers,zarr-python,d-v-b
3950,chore(deps): bump the actions group across 1 directory with 7 updates,PR,closed,dependabot[bot],https://github.com/zarr-developers/zarr-python/pull/3950,2026-05-07T04:40:59Z,2026-06-04T04:41:03Z,zarr-developers,zarr-python,d-v-b
3951,chore(deps): bump the actions group with 5 updates,PR,closed,dependabot[bot],https://github.com/zarr-developers/zarr-python/pull/3951,2026-05-07T04:41:27Z,2026-05-10T21:56:49Z,zarr-developers,zarr-python,d-v-b
3952,chore: fix ability to run mypy via hatch,PR,closed,chuckwondo,https://github.com/zarr-developers/zarr-python/pull/3952,2026-05-07T14:24:31Z,2026-05-08T10:05:58Z,zarr-developers,zarr-python,maxrjones
3953,Performance: fetch inner chunks concurrently within a shard,Issue,closed,maxrjones,https://github.com/zarr-developers/zarr-python/issues/3953,2026-05-07T16:49:08Z,2026-05-22T09:12:55Z,zarr-developers,zarr-python,maxrjones
3954,Consolidated Metadata Not Passed Down,Issue,closed,ilan-gold,https://github.com/zarr-developers/zarr-python/issues/3954,2026-05-07T17:15:04Z,2026-05-12T14:09:35Z,zarr-developers,zarr-python,d-v-b
3955,Fix V3 time types,PR,closed,chuckwondo,https://github.com/zarr-developers/zarr-python/pull/3955,2026-05-07T22:39:58Z,2026-05-07T23:01:07Z,zarr-developers,zarr-python,d-v-b
3957,Fix minor typos,PR,closed,kabilar,https://github.com/zarr-developers/zarr-python/pull/3957,2026-05-09T03:44:28Z,2026-05-10T10:08:50Z,zarr-developers,zarr-python,chuckwondo
3958,zarr 3.2.x breaks kerchunk,Issue,closed,avalentino,https://github.com/zarr-developers/zarr-python/issues/3958,2026-05-09T10:04:48Z,2026-05-11T13:54:18Z,zarr-developers,zarr-python,d-v-b
3959,bug(zarr-metadata): `attributes` missing from `GroupMetadataV2`,Issue,closed,d-v-b,https://github.com/zarr-developers/zarr-python/issues/3959,2026-05-10T08:22:47Z,2026-05-13T21:37:10Z,zarr-developers,zarr-python,d-v-b
3960,feature(zarr-metadata): partial metadata,Issue,closed,d-v-b,https://github.com/zarr-developers/zarr-python/issues/3960,2026-05-10T08:26:45Z,2026-05-21T10:06:29Z,zarr-developers,zarr-python,chuckwondo
3962,fix(zarr-metadata): model stored metadata more closely,PR,closed,d-v-b,https://github.com/zarr-developers/zarr-python/pull/3962,2026-05-10T19:03:20Z,2026-05-12T20:22:29Z,zarr-developers,zarr-python,chuckwondo
3963,deprecate blosc enums,PR,closed,d-v-b,https://github.com/zarr-developers/zarr-python/pull/3963,2026-05-10T21:26:50Z,2026-05-11T20:16:13Z,zarr-developers,zarr-python,maxrjones
3965,chore: remove uv.lock,Issue,closed,d-v-b,https://github.com/zarr-developers/zarr-python/issues/3965,2026-05-11T14:38:00Z,2026-05-13T13:15:44Z,zarr-developers,zarr-python,d-v-b
3966,fix: allow writing to 0-dimensional arrays with sharding,PR,closed,NIK-TIGER-BILL,https://github.com/zarr-developers/zarr-python/pull/3966,2026-05-11T23:16:19Z,2026-05-14T11:01:39Z,zarr-developers,zarr-python,chuckwondo
3969,what is the right environment for type checking,Issue,closed,d-v-b,https://github.com/zarr-developers/zarr-python/issues/3969,2026-05-13T20:44:47Z,2026-05-15T21:38:23Z,zarr-developers,zarr-python,d-v-b
3970,chore(deps): bump the actions group with 2 updates,PR,closed,dependabot[bot],https://github.com/zarr-developers/zarr-python/pull/3970,2026-05-14T04:39:01Z,2026-05-14T12:36:40Z,zarr-developers,zarr-python,d-v-b
3972,chore: run mypy from developer environment,PR,closed,d-v-b,https://github.com/zarr-developers/zarr-python/pull/3972,2026-05-14T09:20:34Z,2026-05-15T15:37:29Z,zarr-developers,zarr-python,chuckwondo
3973,prune old string dtype class,PR,closed,d-v-b,https://github.com/zarr-developers/zarr-python/pull/3973,2026-05-14T10:36:10Z,2026-05-22T13:53:11Z,zarr-developers,zarr-python,maxrjones
3974,explicitly encode chunk grid shape in _ShardIndex,Issue,closed,d-v-b,https://github.com/zarr-developers/zarr-python/issues/3974,2026-05-14T11:58:14Z,2026-05-18T09:49:13Z,zarr-developers,zarr-python,d-v-b
3977,"Bug: `delete_dir` in stateful test uses raw `startswith` for bookkeeping, causing flaky `KeyError` in `delete_group_using_del`",Issue,closed,d-v-b,https://github.com/zarr-developers/zarr-python/issues/3977,2026-05-15T20:37:24Z,2026-06-23T19:32:51Z,zarr-developers,zarr-python,d-v-b
3980,docs: update link to developer chat,PR,closed,d-v-b,https://github.com/zarr-developers/zarr-python/pull/3980,2026-05-18T09:56:05Z,2026-05-18T15:07:00Z,zarr-developers,zarr-python,maxrjones
3982,feat(zarr-metadata): partial metadata types,PR,closed,d-v-b,https://github.com/zarr-developers/zarr-python/pull/3982,2026-05-18T21:47:32Z,2026-05-19T16:41:28Z,zarr-developers,zarr-python,chuckwondo
3987,Control sharding codec read coalescing with ArrayConfig and runtime config options,PR,closed,aldenks,https://github.com/zarr-developers/zarr-python/pull/3987,2026-05-20T03:16:15Z,2026-06-18T15:43:43Z,zarr-developers,zarr-python,d-v-b
3988,Do not install CuPy on darwin,PR,closed,chuckwondo,https://github.com/zarr-developers/zarr-python/pull/3988,2026-05-20T10:35:39Z,2026-05-20T11:32:11Z,zarr-developers,zarr-python,d-v-b
3990,Widen ChunksLike type alias,PR,closed,chuckwondo,https://github.com/zarr-developers/zarr-python/pull/3990,2026-05-20T19:03:20Z,2026-05-20T19:43:55Z,zarr-developers,zarr-python,d-v-b
3993,zarr-metadata tags break zarr tag-based versioning,Issue,closed,d-v-b,https://github.com/zarr-developers/zarr-python/issues/3993,2026-05-20T20:30:03Z,2026-05-22T07:50:46Z,zarr-developers,zarr-python,d-v-b
3994,fix: match v* when extracting a zarr version from git tags,PR,closed,d-v-b,https://github.com/zarr-developers/zarr-python/pull/3994,2026-05-20T20:33:19Z,2026-05-21T17:47:41Z,zarr-developers,zarr-python,maxrjones
3998,refactor/consolidated JSON IO routines,PR,closed,d-v-b,https://github.com/zarr-developers/zarr-python/pull/3998,2026-05-22T14:22:37Z,2026-06-11T09:49:08Z,zarr-developers,zarr-python,chuckwondo
3999,fix: compare metadata objects by JSON form,PR,closed,d-v-b,https://github.com/zarr-developers/zarr-python/pull/3999,2026-05-22T14:31:43Z,2026-05-26T20:35:44Z,zarr-developers,zarr-python,maxrjones
4000,Run doctests via pytest and fix broken doctests.,PR,closed,chuckwondo,https://github.com/zarr-developers/zarr-python/pull/4000,2026-05-22T19:26:48Z,2026-05-28T01:42:15Z,zarr-developers,zarr-python,d-v-b
4001,chore: indexing test cleanup,PR,closed,d-v-b,https://github.com/zarr-developers/zarr-python/pull/4001,2026-05-22T20:17:47Z,2026-06-10T19:46:34Z,zarr-developers,zarr-python,chuckwondo
4002,fix(testing): correct delete_dir prefix matching in stateful tests,PR,closed,NIK-TIGER-BILL,https://github.com/zarr-developers/zarr-python/pull/4002,2026-05-22T23:12:11Z,2026-06-23T19:32:50Z,zarr-developers,zarr-python,maxrjones
4003,fix(FsspecStore): close owned async filesystem on store.close(),PR,closed,josh-ag2,https://github.com/zarr-developers/zarr-python/pull/4003,2026-05-23T23:18:06Z,2026-05-28T14:50:37Z,zarr-developers,zarr-python,chuckwondo
4004,sharding codec subchunk write order does not round-trip through pickling,Issue,closed,d-v-b,https://github.com/zarr-developers/zarr-python/issues/4004,2026-05-25T15:38:55Z,2026-06-26T06:10:39Z,zarr-developers,zarr-python,d-v-b
4005,sharding codec equality broken due to new rng field,Issue,closed,d-v-b,https://github.com/zarr-developers/zarr-python/issues/4005,2026-05-25T15:40:43Z,2026-06-16T23:28:31Z,zarr-developers,zarr-python,d-v-b
4008,remove random subchunk ordering from sharding codec,Issue,closed,d-v-b,https://github.com/zarr-developers/zarr-python/issues/4008,2026-05-26T08:39:13Z,2026-06-16T23:28:06Z,zarr-developers,zarr-python,d-v-b
4010,AI-generated possible solution for #3780 (B),PR,closed,hugnia,https://github.com/zarr-developers/zarr-python/pull/4010,2026-05-26T10:24:55Z,2026-05-26T10:46:50Z,zarr-developers,zarr-python,d-v-b
4011,refactor: remove random subchunk ordering,PR,closed,d-v-b,https://github.com/zarr-developers/zarr-python/pull/4011,2026-05-26T11:04:54Z,2026-06-05T10:09:00Z,zarr-developers,zarr-python,maxrjones
4012,perf: cache lexicographic chunk coords in sharding codec,PR,closed,d-v-b,https://github.com/zarr-developers/zarr-python/pull/4012,2026-05-26T21:02:15Z,2026-06-13T07:18:16Z,zarr-developers,zarr-python,chuckwondo
4014,chore(deps): bump the actions group across 1 directory with 8 updates,PR,closed,dependabot[bot],https://github.com/zarr-developers/zarr-python/pull/4014,2026-05-28T04:46:15Z,2026-05-29T16:16:09Z,zarr-developers,zarr-python,d-v-b
4016,DOC: create_array() got an unexpected keyword argument 'mode',Issue,closed,sdebionne,https://github.com/zarr-developers/zarr-python/issues/4016,2026-05-29T07:33:55Z,2026-06-02T20:58:46Z,zarr-developers,zarr-python,d-v-b
4017,run all code snippets in docs,Issue,closed,d-v-b,https://github.com/zarr-developers/zarr-python/issues/4017,2026-05-29T08:19:15Z,2026-06-02T19:42:25Z,zarr-developers,zarr-python,d-v-b
4018,docs: test more code snippets in docs,PR,closed,d-v-b,https://github.com/zarr-developers/zarr-python/pull/4018,2026-05-29T13:52:11Z,2026-06-02T19:42:28Z,zarr-developers,zarr-python,maxrjones
4019,chore(deps-dev): bump uv from 0.11.14 to 0.11.15 in the uv group across 1 directory,PR,closed,dependabot[bot],https://github.com/zarr-developers/zarr-python/pull/4019,2026-05-29T21:36:47Z,2026-06-02T20:56:46Z,zarr-developers,zarr-python,d-v-b
4023,fix: use hatch's `default` env so the uv installer is inherited,PR,closed,lhoupert,https://github.com/zarr-developers/zarr-python/pull/4023,2026-06-01T15:17:59Z,2026-06-02T09:42:15Z,zarr-developers,zarr-python,chuckwondo
4024,chore: update pre-commit hooks,PR,closed,pre-commit-ci[bot],https://github.com/zarr-developers/zarr-python/pull/4024,2026-06-01T19:47:32Z,2026-06-02T09:53:51Z,zarr-developers,zarr-python,d-v-b
4026,update dtype example to use public API,Issue,closed,d-v-b,https://github.com/zarr-developers/zarr-python/issues/4026,2026-06-03T15:36:17Z,2026-06-11T19:59:58Z,zarr-developers,zarr-python,chuckwondo
4031,chore(deps): bump aiohttp from 3.13.5 to 3.14.0 in the uv group across 1 directory,PR,closed,dependabot[bot],https://github.com/zarr-developers/zarr-python/pull/4031,2026-06-04T00:07:36Z,2026-06-10T14:37:41Z,zarr-developers,zarr-python,d-v-b
4043,fix: make xarray downstream tests work,PR,closed,d-v-b,https://github.com/zarr-developers/zarr-python/pull/4043,2026-06-06T13:15:17Z,2026-06-06T19:21:41Z,zarr-developers,zarr-python,maxrjones
4044,broken xarray downstream tests,Issue,closed,d-v-b,https://github.com/zarr-developers/zarr-python/issues/4044,2026-06-06T13:16:31Z,2026-06-06T19:21:42Z,zarr-developers,zarr-python,d-v-b
4045,upgrade home-built sentinel to `typing_extensions.Sentinel`,Issue,closed,d-v-b,https://github.com/zarr-developers/zarr-python/issues/4045,2026-06-06T13:50:48Z,2026-06-09T15:43:45Z,zarr-developers,zarr-python,d-v-b
4047,"Revert ""fix: make xarray downstream tests work""",PR,closed,d-v-b,https://github.com/zarr-developers/zarr-python/pull/4047,2026-06-06T19:30:34Z,2026-06-10T19:28:36Z,zarr-developers,zarr-python,maxrjones
4052,Modify custom dtype example to use only public API,PR,closed,chuckwondo,https://github.com/zarr-developers/zarr-python/pull/4052,2026-06-08T17:45:03Z,2026-06-11T10:06:15Z,zarr-developers,zarr-python,d-v-b
4053,docs: add core-developer self-merge policy,PR,closed,maxrjones,https://github.com/zarr-developers/zarr-python/pull/4053,2026-06-08T18:20:13Z,2026-06-12T18:46:42Z,zarr-developers,zarr-python,d-v-b
4058,chore(deps): bump the actions group with 3 updates,PR,closed,dependabot[bot],https://github.com/zarr-developers/zarr-python/pull/4058,2026-06-11T04:25:33Z,2026-06-11T09:49:46Z,zarr-developers,zarr-python,d-v-b
4059,User-provided attributes dictionary is mutated by the public API,Issue,closed,stibrew,https://github.com/zarr-developers/zarr-python/issues/4059,2026-06-11T11:14:20Z,2026-06-11T12:44:48Z,zarr-developers,zarr-python,d-v-b
4060,fix: copy attributes passed from the user to avoid mutation,PR,closed,stibrew,https://github.com/zarr-developers/zarr-python/pull/4060,2026-06-11T11:18:23Z,2026-06-11T12:44:48Z,zarr-developers,zarr-python,d-v-b
4062,chore(deps): bump tornado from 6.5.5 to 6.5.6 in the uv group across 1 directory,PR,closed,dependabot[bot],https://github.com/zarr-developers/zarr-python/pull/4062,2026-06-12T22:25:42Z,2026-06-15T16:50:34Z,zarr-developers,zarr-python,d-v-b
4065,Use non-consumable iterators for test fixtures,Issue,closed,d-v-b,https://github.com/zarr-developers/zarr-python/issues/4065,2026-06-16T07:51:26Z,2026-06-25T23:39:07Z,zarr-developers,zarr-python,d-v-b
4067,chore(deps): bump tornado from 6.5.6 to 6.5.7,PR,closed,dependabot[bot],https://github.com/zarr-developers/zarr-python/pull/4067,2026-06-16T09:04:43Z,2026-06-16T09:43:50Z,zarr-developers,zarr-python,d-v-b
4069,chore(deps): bump aiohttp from 3.14.0 to 3.14.1,PR,closed,dependabot[bot],https://github.com/zarr-developers/zarr-python/pull/4069,2026-06-16T09:05:06Z,2026-06-16T10:50:22Z,zarr-developers,zarr-python,d-v-b
4070,chore(deps): bump cryptography from 48.0.0 to 48.0.1,PR,closed,dependabot[bot],https://github.com/zarr-developers/zarr-python/pull/4070,2026-06-16T09:05:18Z,2026-06-16T10:38:57Z,zarr-developers,zarr-python,d-v-b
4072,chore(deps): bump the python-dependencies group with 14 updates,PR,closed,dependabot[bot],https://github.com/zarr-developers/zarr-python/pull/4072,2026-06-16T09:11:35Z,2026-06-16T09:34:52Z,zarr-developers,zarr-python,d-v-b
4073,Bytes codec does not roundtrip cleanly,Issue,closed,clbarnes,https://github.com/zarr-developers/zarr-python/issues/4073,2026-06-16T10:15:21Z,2026-06-22T10:11:26Z,zarr-developers,zarr-python,d-v-b
4075,chore: add rectilinear hypothesis block indexing tests,PR,closed,maxrjones,https://github.com/zarr-developers/zarr-python/pull/4075,2026-06-17T16:29:28Z,2026-06-29T16:25:54Z,zarr-developers,zarr-python,d-v-b
4078,chore(deps): bump the actions group with 6 updates,PR,closed,dependabot[bot],https://github.com/zarr-developers/zarr-python/pull/4078,2026-06-18T04:24:11Z,2026-06-22T10:08:29Z,zarr-developers,zarr-python,d-v-b
4079,chore(deps): bump CodSpeedHQ/action from 4.17.0 to 4.17.5 in the actions group,PR,closed,dependabot[bot],https://github.com/zarr-developers/zarr-python/pull/4079,2026-06-18T04:25:03Z,2026-06-22T10:07:51Z,zarr-developers,zarr-python,d-v-b
4080,chore(deps-dev): bump the python-dependencies group across 1 directory with 2 updates,PR,closed,dependabot[bot],https://github.com/zarr-developers/zarr-python/pull/4080,2026-06-18T04:29:03Z,2026-06-18T14:49:57Z,zarr-developers,zarr-python,d-v-b
4081,chore(deps): bump bleach from 6.3.0 to 6.4.0,PR,closed,dependabot[bot],https://github.com/zarr-developers/zarr-python/pull/4081,2026-06-18T11:39:23Z,2026-06-18T12:26:34Z,zarr-developers,zarr-python,d-v-b
4088,chore(deps): bump msgpack from 1.1.2 to 1.2.1,PR,closed,dependabot[bot],https://github.com/zarr-developers/zarr-python/pull/4088,2026-06-22T10:08:54Z,2026-06-22T11:23:47Z,zarr-developers,zarr-python,d-v-b
4089,chore(deps): bump pydantic-settings from 2.14.1 to 2.14.2,PR,closed,dependabot[bot],https://github.com/zarr-developers/zarr-python/pull/4089,2026-06-22T10:09:05Z,2026-06-22T10:41:17Z,zarr-developers,zarr-python,d-v-b
4092,chore(deps-dev): bump the python-dependencies group with 4 updates,PR,closed,dependabot[bot],https://github.com/zarr-developers/zarr-python/pull/4092,2026-06-22T11:14:48Z,2026-06-25T04:29:23Z,zarr-developers,zarr-python,d-v-b
4094,chore: test correctness fixes,PR,closed,d-v-b,https://github.com/zarr-developers/zarr-python/pull/4094,2026-06-22T17:28:36Z,2026-06-25T20:11:33Z,zarr-developers,zarr-python,maxrjones
4097,chore(deps): bump the actions group with 3 updates,PR,closed,dependabot[bot],https://github.com/zarr-developers/zarr-python/pull/4097,2026-06-25T04:24:34Z,2026-06-25T09:05:43Z,zarr-developers,zarr-python,d-v-b
4103,Fix save/load for scalar arrays,PR,closed,gaoflow,https://github.com/zarr-developers/zarr-python/pull/4103,2026-06-26T13:55:14Z,2026-06-26T14:14:49Z,zarr-developers,zarr-python,d-v-b
4106,docs: add reviewer guidance and author attestation to PR template,PR,closed,maxrjones,https://github.com/zarr-developers/zarr-python/pull/4106,2026-06-26T16:59:01Z,2026-06-29T16:25:38Z,zarr-developers,zarr-python,d-v-b
380,element order of the shard index in the `sharding_indexed` codec,Issue,closed,d-v-b,https://github.com/zarr-developers/zarr-specs/issues/380,2026-05-21T07:53:40Z,2026-05-21T08:28:53Z,zarr-developers,zarr-specs,d-v-b
