number,title,type,url,engagement_kinds,created_at,updated_at,organization,repository,contributor
64,Support pixel density adjustment,Issue,https://github.com/developmentseed/deck.gl-raster/issues/64,comment,2025-12-17T23:09:28Z,2026-05-07T19:18:55Z,developmentseed,deck.gl-raster,kylebarron
85,Create proj4 projection cache,Issue,https://github.com/developmentseed/deck.gl-raster/issues/85,comment,2025-12-19T22:25:13Z,2026-05-22T18:54:11Z,developmentseed,deck.gl-raster,kylebarron
89,Should `metersPerUnit` / `scaleDenominator` be scaled by the center latitude of each tile for degree-based CRSes?,Issue,https://github.com/developmentseed/deck.gl-raster/issues/89,comment,2025-12-21T20:20:04Z,2026-05-07T21:15:21Z,developmentseed,deck.gl-raster,kylebarron
90,virtualizarr store backend for zarrita.js,Issue,https://github.com/developmentseed/deck.gl-raster/issues/90,comment,2025-12-21T20:42:19Z,2026-05-05T03:24:55Z,developmentseed,deck.gl-raster,kylebarron
103,Support for GeoTIFFs with Ground Control Points (GCPs),Issue,https://github.com/developmentseed/deck.gl-raster/issues/103,comment,2025-12-23T17:11:30Z,2026-04-28T13:49:42Z,developmentseed,deck.gl-raster,kylebarron
129,COGLayer: User-provided callback for managing file-wide state?,Issue,https://github.com/developmentseed/deck.gl-raster/issues/129,comment,2026-01-01T22:04:33Z,2026-05-05T03:25:33Z,developmentseed,deck.gl-raster,kylebarron
135,Layer finalization,Issue,https://github.com/developmentseed/deck.gl-raster/issues/135,comment,2026-01-02T02:56:28Z,2026-06-05T19:58:17Z,developmentseed,deck.gl-raster,kylebarron
158,Landcover exapmle: Side-by-side view,Issue,https://github.com/developmentseed/deck.gl-raster/issues/158,comment,2026-01-06T04:21:15Z,2026-05-05T03:26:17Z,developmentseed,deck.gl-raster,kylebarron
166,Epic: Zarr support,Issue,https://github.com/developmentseed/deck.gl-raster/issues/166,comment,2026-01-07T20:22:14Z,2026-05-21T19:53:10Z,developmentseed,deck.gl-raster,kylebarron
170,Reading requester pays aws data,Issue,https://github.com/developmentseed/deck.gl-raster/issues/170,comment,2026-01-09T03:58:39Z,2026-05-05T03:28:39Z,developmentseed,deck.gl-raster,kylebarron
171,Support images spanning the antimeridian,Issue,https://github.com/developmentseed/deck.gl-raster/issues/171,comment,2026-01-09T15:10:46Z,2026-05-26T16:47:17Z,developmentseed,deck.gl-raster,kylebarron
173,Reading private COGs / Zarr,Issue,https://github.com/developmentseed/deck.gl-raster/issues/173,comment,2026-01-09T18:14:48Z,2026-05-05T03:27:22Z,developmentseed,deck.gl-raster,kylebarron
186,"""Minimal proj.db""?",Issue,https://github.com/developmentseed/deck.gl-raster/issues/186,comment,2026-01-15T19:20:10Z,2026-05-12T19:43:39Z,developmentseed,deck.gl-raster,kylebarron
210,Where should zarr-multiscale-metadata package live?,Issue,https://github.com/developmentseed/deck.gl-raster/issues/210,comment,2026-01-30T16:28:43Z,2026-05-05T03:29:26Z,developmentseed,deck.gl-raster,kylebarron
268,feat: Add globe view support for tile traversal,PullRequest,https://github.com/developmentseed/deck.gl-raster/pull/268,comment,2026-02-26T21:23:05Z,2026-05-26T20:33:00Z,developmentseed,deck.gl-raster,kylebarron
273,Extend deck.gl tile fetching to enable multi-tile fetches,Issue,https://github.com/developmentseed/deck.gl-raster/issues/273,comment,2026-02-27T21:41:36Z,2026-05-06T14:25:37Z,developmentseed,deck.gl-raster,kylebarron
292,Restore AbortSignal support in naip-mosaic example for opening COG headers,Issue,https://github.com/developmentseed/deck.gl-raster/issues/292,comment,2026-03-02T23:55:52Z,2026-05-07T20:31:12Z,developmentseed,deck.gl-raster,kylebarron
294,Figure out good caching and chunking defaults for `GeoTIFF.fromUrl`,Issue,https://github.com/developmentseed/deck.gl-raster/issues/294,comment,2026-03-03T00:43:26Z,2026-05-22T18:57:45Z,developmentseed,deck.gl-raster,kylebarron
302,geotiff: Implement request coalescing / fetch_tiles,Issue,https://github.com/developmentseed/deck.gl-raster/issues/302,comment,2026-03-03T23:40:11Z,2026-05-05T03:32:10Z,developmentseed,deck.gl-raster,kylebarron
322,geotiff: Make CRS resolution async?,Issue,https://github.com/developmentseed/deck.gl-raster/issues/322,comment,2026-03-06T16:28:47Z,2026-05-28T14:21:16Z,developmentseed,deck.gl-raster,kylebarron
375,Failing rendering with non-square pixels,Issue,https://github.com/developmentseed/deck.gl-raster/issues/375,comment,2026-03-27T15:11:49Z,2026-04-28T05:42:43Z,developmentseed,deck.gl-raster,kylebarron
407,geotiff: Implement fetch coalescing for GeoTIFF `fetchTiles`,Issue,https://github.com/developmentseed/deck.gl-raster/issues/407,comment,2026-04-09T22:14:31Z,2026-05-12T21:13:12Z,developmentseed,deck.gl-raster,kylebarron
444,feat: temperature anomaly deck.gl-raster zarr example,PullRequest,https://github.com/developmentseed/deck.gl-raster/pull/444,comment,2026-04-20T11:12:03Z,2026-05-01T07:39:10Z,developmentseed,deck.gl-raster,kylebarron
461,Create example reading from titiler backend,Issue,https://github.com/developmentseed/deck.gl-raster/issues/461,comment,2026-04-24T13:15:45Z,2026-05-28T15:40:30Z,developmentseed,deck.gl-raster,kylebarron
468,chore: Update to uuid v14,PullRequest,https://github.com/developmentseed/deck.gl-raster/pull/468,comment,2026-04-24T18:03:05Z,2026-04-27T14:35:06Z,developmentseed,deck.gl-raster,kylebarron
490,"docs: Have ""Showcase"" page",Issue,https://github.com/developmentseed/deck.gl-raster/issues/490,opened,2026-04-30T15:48:50Z,2026-05-26T13:54:47Z,developmentseed,deck.gl-raster,kylebarron
498,Update aef-mosaic example to explain that tiles don't load less than a certain zoom level,Issue,https://github.com/developmentseed/deck.gl-raster/issues/498,"comment,opened",2026-05-01T01:20:36Z,2026-05-01T03:49:25Z,developmentseed,deck.gl-raster,kylebarron
500,geotiff: multiplier for HTTP range sizes for header metadata,Issue,https://github.com/developmentseed/deck.gl-raster/issues/500,"comment,opened",2026-05-01T20:32:08Z,2026-05-26T16:39:53Z,developmentseed,deck.gl-raster,kylebarron
501,geotiff: Helper to get byte length of header,Issue,https://github.com/developmentseed/deck.gl-raster/issues/501,"comment,opened",2026-05-01T21:25:39Z,2026-05-12T19:43:37Z,developmentseed,deck.gl-raster,kylebarron
504,Create Zarr example backed by icechunk,Issue,https://github.com/developmentseed/deck.gl-raster/issues/504,opened,2026-05-05T03:24:44Z,2026-05-26T16:46:32Z,developmentseed,deck.gl-raster,kylebarron
505,COGLayer: Whether to use linear or nearest sampling by default,Issue,https://github.com/developmentseed/deck.gl-raster/issues/505,opened,2026-05-05T03:45:29Z,2026-05-07T19:35:26Z,developmentseed,deck.gl-raster,kylebarron
507,Handle tile boundaries for convolutional raster operations,Issue,https://github.com/developmentseed/deck.gl-raster/issues/507,comment,2026-05-05T15:13:17Z,2026-05-13T07:42:56Z,developmentseed,deck.gl-raster,kylebarron
508,Zarr: Support variable chunk sizes,Issue,https://github.com/developmentseed/deck.gl-raster/issues/508,opened,2026-05-06T13:36:54Z,2026-05-06T13:36:54Z,developmentseed,deck.gl-raster,kylebarron
512,Loss of precision (jitter) with high resolution imagery,Issue,https://github.com/developmentseed/deck.gl-raster/issues/512,opened,2026-05-07T14:12:32Z,2026-05-20T21:26:52Z,developmentseed,deck.gl-raster,kylebarron
516,Split tile CPU caching from GPU caching?,Issue,https://github.com/developmentseed/deck.gl-raster/issues/516,opened,2026-05-07T20:42:29Z,2026-05-07T20:42:29Z,developmentseed,deck.gl-raster,kylebarron
517,Rendering in multiple world copies,Issue,https://github.com/developmentseed/deck.gl-raster/issues/517,opened,2026-05-07T21:02:49Z,2026-05-21T18:59:50Z,developmentseed,deck.gl-raster,kylebarron
519,Make shared components across examples,Issue,https://github.com/developmentseed/deck.gl-raster/issues/519,opened,2026-05-08T21:08:18Z,2026-05-26T16:40:05Z,developmentseed,deck.gl-raster,kylebarron
523,Tile traversal regression: getTileIndices ~12 ms/frame on HiDPI (no cross-frame memoization),Issue,https://github.com/developmentseed/deck.gl-raster/issues/523,"comment,opened",2026-05-11T19:10:23Z,2026-05-26T16:40:08Z,developmentseed,deck.gl-raster,kylebarron
524,SourceError: Request outside of bounds,Issue,https://github.com/developmentseed/deck.gl-raster/issues/524,"comment,opened",2026-05-11T19:21:14Z,2026-05-26T16:39:51Z,developmentseed,deck.gl-raster,kylebarron
528,geotiff: Reduce latency for visualizing large COGs,Issue,https://github.com/developmentseed/deck.gl-raster/issues/528,"comment,opened",2026-05-12T16:47:24Z,2026-05-26T16:39:45Z,developmentseed,deck.gl-raster,kylebarron
532,Add explicit `key?: string` to `sources` input in MosaicLayer,Issue,https://github.com/developmentseed/deck.gl-raster/issues/532,opened,2026-05-13T02:14:08Z,2026-05-13T16:30:43Z,developmentseed,deck.gl-raster,kylebarron
537,Failing publish of 0.7.0-beta.1,Issue,https://github.com/developmentseed/deck.gl-raster/issues/537,"comment,opened",2026-05-13T19:44:53Z,2026-05-13T20:09:36Z,developmentseed,deck.gl-raster,kylebarron
539,[Bug] TIFF PlanarConfiguration is not a required tag,Issue,https://github.com/developmentseed/deck.gl-raster/issues/539,"comment,opened",2026-05-13T21:27:52Z,2026-05-14T14:20:44Z,developmentseed,deck.gl-raster,kylebarron
545,Example: NLCD animation over years,Issue,https://github.com/developmentseed/deck.gl-raster/issues/545,opened,2026-05-14T15:43:54Z,2026-05-14T15:43:54Z,developmentseed,deck.gl-raster,kylebarron
555,MosaicLayer: Connect RequestScheduler of the top-level layer with all sub layers,Issue,https://github.com/developmentseed/deck.gl-raster/issues/555,opened,2026-05-15T16:21:13Z,2026-05-22T17:50:09Z,developmentseed,deck.gl-raster,kylebarron
560,"esm.sh-bundled @developmentseed/deck.gl-geotiff loses proj4 projection classes (utm, lcc, …); breaks CDN / no-build-step consumers",Issue,https://github.com/developmentseed/deck.gl-raster/issues/560,comment,2026-05-20T18:33:54Z,2026-05-21T23:06:17Z,developmentseed,deck.gl-raster,kylebarron
561,Remove CutlineBbox module in favor of upstream ClipExtension?,Issue,https://github.com/developmentseed/deck.gl-raster/issues/561,opened,2026-05-20T21:13:15Z,2026-05-20T21:13:31Z,developmentseed,deck.gl-raster,kylebarron
562,Support debounceTime in MosaicLayer (flat tile model breaks deck.gl's debounced scheduler),Issue,https://github.com/developmentseed/deck.gl-raster/issues/562,opened,2026-05-21T16:36:15Z,2026-05-21T16:36:15Z,developmentseed,deck.gl-raster,kylebarron
564,fix(deck.gl-geotiff): Re-register proj4 projections to survive CDN tree-shaking,PullRequest,https://github.com/developmentseed/deck.gl-raster/pull/564,comment,2026-05-21T18:38:17Z,2026-05-21T19:30:09Z,developmentseed,deck.gl-raster,kylebarron
565,Revert ConcurrencyLimiter to a chunkd SourceMiddleware once chunkd forwards the abort signal,Issue,https://github.com/developmentseed/deck.gl-raster/issues/565,"comment,opened",2026-05-22T15:15:33Z,2026-05-26T20:20:32Z,developmentseed,deck.gl-raster,kylebarron
566,Globe view: curvature-aware spherical reprojection (remove uniform-grid scaffold),Issue,https://github.com/developmentseed/deck.gl-raster/issues/566,opened,2026-05-22T15:26:19Z,2026-05-26T16:44:47Z,developmentseed,deck.gl-raster,kylebarron
567,Globe view: screen-space-error LOD (fix limb-foreshortening over-fetch),Issue,https://github.com/developmentseed/deck.gl-raster/issues/567,opened,2026-05-22T15:26:20Z,2026-05-26T16:44:25Z,developmentseed,deck.gl-raster,kylebarron
568,Add zarr-globe example,Issue,https://github.com/developmentseed/deck.gl-raster/issues/568,opened,2026-05-22T15:26:21Z,2026-05-22T15:30:20Z,developmentseed,deck.gl-raster,kylebarron
569,Add icechunk-based Zarr example,Issue,https://github.com/developmentseed/deck.gl-raster/issues/569,"comment,opened",2026-05-22T19:44:11Z,2026-05-27T21:01:00Z,developmentseed,deck.gl-raster,kylebarron
570,Fix umbra http -> https link,Issue,https://github.com/developmentseed/deck.gl-raster/issues/570,"comment,opened",2026-05-26T16:50:11Z,2026-05-26T17:24:39Z,developmentseed,deck.gl-raster,kylebarron
573,GeoTIFF: Support reading and rendering stripped images,Issue,https://github.com/developmentseed/deck.gl-raster/issues/573,opened,2026-05-26T18:58:19Z,2026-05-27T21:08:22Z,developmentseed,deck.gl-raster,kylebarron
575,Generalize reprojection clamping at Web Mercator bounds,Issue,https://github.com/developmentseed/deck.gl-raster/issues/575,"comment,opened",2026-05-27T17:51:43Z,2026-06-01T16:46:33Z,developmentseed,deck.gl-raster,kylebarron
589,Single-file no-build-step example,Issue,https://github.com/developmentseed/deck.gl-raster/issues/589,opened,2026-06-02T21:17:44Z,2026-06-02T21:17:44Z,developmentseed,deck.gl-raster,kylebarron
591,Update examples to destroy user-created textures,Issue,https://github.com/developmentseed/deck.gl-raster/issues/591,"comment,opened",2026-06-04T21:21:31Z,2026-06-05T19:58:17Z,developmentseed,deck.gl-raster,kylebarron
592,Fix dynamical example,Issue,https://github.com/developmentseed/deck.gl-raster/issues/592,opened,2026-06-04T21:22:20Z,2026-06-05T21:10:41Z,developmentseed,deck.gl-raster,kylebarron
598,Create example with imagery behind NASA Earthdata login,Issue,https://github.com/developmentseed/deck.gl-raster/issues/598,"comment,opened",2026-06-08T19:55:34Z,2026-06-08T20:29:16Z,developmentseed,deck.gl-raster,kylebarron
599,Spinner in examples to have a UI element to show tiles are loading,Issue,https://github.com/developmentseed/deck.gl-raster/issues/599,opened,2026-06-10T16:17:34Z,2026-06-10T16:17:34Z,developmentseed,deck.gl-raster,kylebarron
601,Best practices guide for data creators,Issue,https://github.com/developmentseed/deck.gl-raster/issues/601,"comment,opened",2026-06-11T22:06:04Z,2026-06-11T22:36:36Z,developmentseed,deck.gl-raster,kylebarron
602,docs: Add git submodule install instructions,PullRequest,https://github.com/developmentseed/deck.gl-raster/pull/602,"comment,review",2026-06-12T21:40:26Z,2026-06-15T17:07:13Z,developmentseed,deck.gl-raster,kylebarron
603,Discussion about private direct bucket data access,Issue,https://github.com/developmentseed/deck.gl-raster/issues/603,"comment,opened",2026-06-17T21:55:42Z,2026-06-24T16:55:55Z,developmentseed,deck.gl-raster,kylebarron
604,"ZarrLayer: support band/channel-last arrays ([y, x, band]) — multiscale GeoZarr RGB(A) pyramids fail validateSpatialDimOrder",Issue,https://github.com/developmentseed/deck.gl-raster/issues/604,comment,2026-06-26T19:13:27Z,2026-06-29T20:31:22Z,developmentseed,deck.gl-raster,kylebarron
24,chore(main): release 0.1.1,PullRequest,https://github.com/developmentseed/lazycogs/pull/24,comment,2026-04-27T17:51:50Z,2026-04-27T18:01:20Z,developmentseed,lazycogs,hrodmn
25,Implement bilinear/cubic resampling methods,Issue,https://github.com/developmentseed/lazycogs/issues/25,"comment,opened",2026-04-27T19:51:59Z,2026-05-01T01:23:22Z,developmentseed,lazycogs,hrodmn
26,Why have `open_async`?,Issue,https://github.com/developmentseed/lazycogs/issues/26,comment,2026-04-27T21:58:07Z,2026-04-29T14:07:30Z,developmentseed,lazycogs,hrodmn
30,DuckDB chunk query blocks async executor,Issue,https://github.com/developmentseed/lazycogs/issues/30,comment,2026-04-27T22:37:32Z,2026-04-29T15:50:50Z,developmentseed,lazycogs,hrodmn
36,Nodata values encoded in xarray?,Issue,https://github.com/developmentseed/lazycogs/issues/36,comment,2026-04-28T15:54:13Z,2026-05-26T17:20:29Z,developmentseed,lazycogs,hrodmn
42,Integration with `pystac_client`,Issue,https://github.com/developmentseed/lazycogs/issues/42,comment,2026-04-30T00:20:03Z,2026-05-04T14:26:23Z,developmentseed,lazycogs,hrodmn
48,Explore rasterix integration,Issue,https://github.com/developmentseed/lazycogs/issues/48,opened,2026-05-05T01:11:44Z,2026-05-07T02:18:06Z,developmentseed,lazycogs,hrodmn
50,multi-band COG support ,Issue,https://github.com/developmentseed/lazycogs/issues/50,opened,2026-05-06T11:41:41Z,2026-05-06T11:41:41Z,developmentseed,lazycogs,hrodmn
51,Add progress callback hook,Issue,https://github.com/developmentseed/lazycogs/issues/51,opened,2026-05-06T15:04:41Z,2026-05-06T15:04:41Z,developmentseed,lazycogs,hrodmn
64,Error during DataArray.copy,Issue,https://github.com/developmentseed/lazycogs/issues/64,comment,2026-06-01T11:38:19Z,2026-06-01T16:00:39Z,developmentseed,lazycogs,hrodmn
65,Avoid storing lazy runtime state in DataArray.attrs,Issue,https://github.com/developmentseed/lazycogs/issues/65,opened,2026-06-01T14:22:55Z,2026-06-01T14:35:19Z,developmentseed,lazycogs,hrodmn
68,dtype/nodata args not provided to _ChunkContext in explain path,Issue,https://github.com/developmentseed/lazycogs/issues/68,opened,2026-06-01T14:42:45Z,2026-06-01T14:58:04Z,developmentseed,lazycogs,hrodmn
70,Make lazycogs outputs rioxarray-ready without metadata repair,Issue,https://github.com/developmentseed/lazycogs/issues/70,opened,2026-06-01T15:18:54Z,2026-06-01T15:56:38Z,developmentseed,lazycogs,hrodmn
73,sub-daily (hourly) temporal grouping (PT1H) or time_period=None,Issue,https://github.com/developmentseed/lazycogs/issues/73,comment,2026-06-23T08:34:47Z,2026-06-29T07:39:31Z,developmentseed,lazycogs,hrodmn
76,Incorrect datetime filtering when start/end properties are present,Issue,https://github.com/developmentseed/lazycogs/issues/76,comment,2026-06-24T17:40:52Z,2026-06-29T16:58:42Z,developmentseed,lazycogs,hrodmn
1114,[BUG] H3HexagonLayer can fail for cells close to poles or antimeridian due to h3-py bug in viewport,Issue,https://github.com/developmentseed/lonboard/issues/1114,comment,2026-02-25T11:17:20Z,2026-05-31T22:49:22Z,developmentseed,lonboard,kylebarron
1174,Add presentation performance graph to docs,Issue,https://github.com/developmentseed/lonboard/issues/1174,comment,2026-04-16T15:38:50Z,2026-05-04T19:10:53Z,developmentseed,lonboard,kylebarron
1196,Cleaner `omitUndefined`,Issue,https://github.com/developmentseed/lonboard/issues/1196,opened,2026-05-22T16:57:57Z,2026-05-22T16:57:57Z,developmentseed,lonboard,kylebarron
1201,adds a one-way fly_to_command traitlet enabling flyTo from JS,PullRequest,https://github.com/developmentseed/lonboard/pull/1201,comment,2026-06-07T12:02:38Z,2026-06-09T11:23:33Z,developmentseed,lonboard,kylebarron
1203,Revamped pyodide support,Issue,https://github.com/developmentseed/lonboard/issues/1203,opened,2026-06-11T19:53:18Z,2026-06-12T17:22:57Z,developmentseed,lonboard,kylebarron
1213,RasterLayer: expose nearest-neighbor texture filtering for COG rendering,Issue,https://github.com/developmentseed/lonboard/issues/1213,comment,2026-06-18T14:31:51Z,2026-06-18T22:42:20Z,developmentseed,lonboard,kylebarron
1403,move from httpx to httpx2,Issue,https://github.com/developmentseed/titiler/issues/1403,comment,2026-05-28T08:35:56Z,2026-06-05T10:06:49Z,developmentseed,titiler,hrodmn
1432,titiler.xarray.io imports httpx but httpx is not listed as a dependency,Issue,https://github.com/developmentseed/titiler/issues/1432,opened,2026-06-18T01:21:43Z,2026-06-18T04:28:26Z,developmentseed,titiler,hrodmn
175,fix: avoid duplicating GranuleSearch params in timeseries requests,PullRequest,https://github.com/developmentseed/titiler-cmr/pull/175,"comment,review",2026-05-05T17:25:04Z,2026-05-06T14:50:42Z,developmentseed,titiler-cmr,chuckwondo
176,chore: ci upgrades and security fixes,PullRequest,https://github.com/developmentseed/titiler-cmr/pull/176,"comment,review",2026-05-08T13:43:32Z,2026-05-08T14:36:26Z,developmentseed,titiler-cmr,chuckwondo
177,chore: replace dynamic versioning with release-please,PullRequest,https://github.com/developmentseed/titiler-cmr/pull/177,"comment,review",2026-05-08T15:08:43Z,2026-05-08T17:16:28Z,developmentseed,titiler-cmr,chuckwondo
178,fix: better async request handling in timeseries endpoints,PullRequest,https://github.com/developmentseed/titiler-cmr/pull/178,"comment,review",2026-05-08T17:33:40Z,2026-05-19T14:30:26Z,developmentseed,titiler-cmr,chuckwondo
182,fix: upgrade dependencies,PullRequest,https://github.com/developmentseed/titiler-cmr/pull/182,"comment,review",2026-05-29T10:50:36Z,2026-05-29T16:54:57Z,developmentseed,titiler-cmr,abarciauskas-bgse
185,Add group hints to the `/compatibility` endpoint for hierarchical xarray datasets,Issue,https://github.com/developmentseed/titiler-cmr/issues/185,comment,2026-06-02T20:02:55Z,2026-06-09T15:27:07Z,developmentseed,titiler-cmr,abarciauskas-bgse
185,Add group hints to the `/compatibility` endpoint for hierarchical xarray datasets,Issue,https://github.com/developmentseed/titiler-cmr/issues/185,comment,2026-06-02T20:02:55Z,2026-06-09T15:27:07Z,developmentseed,titiler-cmr,chuckwondo
186,feat: add group inspection to compatibility endpoint,PullRequest,https://github.com/developmentseed/titiler-cmr/pull/186,"comment,review",2026-06-03T02:27:48Z,2026-06-09T15:27:08Z,developmentseed,titiler-cmr,chuckwondo
188,fix: do not ignore case when parsing expressions,PullRequest,https://github.com/developmentseed/titiler-cmr/pull/188,"comment,review",2026-06-08T11:48:48Z,2026-06-09T15:25:08Z,developmentseed,titiler-cmr,chuckwondo
193,chore: record httpx2 traffic with vcr-py,PullRequest,https://github.com/developmentseed/titiler-cmr/pull/193,"comment,review",2026-06-09T18:24:32Z,2026-06-10T17:03:22Z,developmentseed,titiler-cmr,chuckwondo
197,ci: set default branch to main in deploy-dev action workflow,PullRequest,https://github.com/developmentseed/titiler-cmr/pull/197,"comment,review",2026-06-17T14:56:44Z,2026-06-17T15:01:15Z,developmentseed,titiler-cmr,chuckwondo
198,fix: upgrade dependencies for security patches,PullRequest,https://github.com/developmentseed/titiler-cmr/pull/198,"comment,review",2026-06-17T15:05:25Z,2026-06-17T15:54:36Z,developmentseed,titiler-cmr,chuckwondo
201,"fix: improve CMR query logging and error response, increase default timeout to 20s",PullRequest,https://github.com/developmentseed/titiler-cmr/pull/201,"comment,review",2026-06-17T20:08:24Z,2026-06-17T20:55:56Z,developmentseed,titiler-cmr,chuckwondo
202,fix: install titiler 2.0.5 to avoid missing httpx dependency,PullRequest,https://github.com/developmentseed/titiler-cmr/pull/202,"comment,review",2026-06-18T01:22:48Z,2026-06-18T12:46:04Z,developmentseed,titiler-cmr,chuckwondo
205,fix: add granule_ur to compatibility params and response,PullRequest,https://github.com/developmentseed/titiler-cmr/pull/205,"comment,review",2026-06-27T10:56:52Z,2026-06-29T18:00:10Z,developmentseed,titiler-cmr,chuckwondo
48,Add documentation describing poor deserialization performance of vlen data.,Issue,https://github.com/developmentseed/zarr-datafusion-search/issues/48,opened,2026-04-27T22:42:50Z,2026-04-29T21:47:42Z,developmentseed,zarr-datafusion-search,sharkinsspatial
50,Add index handling beyond geo-index r-tree.,Issue,https://github.com/developmentseed/zarr-datafusion-search/issues/50,opened,2026-04-29T19:51:08Z,2026-04-29T19:51:08Z,developmentseed,zarr-datafusion-search,sharkinsspatial
51,Partial index handling.,Issue,https://github.com/developmentseed/zarr-datafusion-search/issues/51,opened,2026-04-29T19:55:36Z,2026-04-29T19:55:36Z,developmentseed,zarr-datafusion-search,sharkinsspatial
104,Reading virtual references back out into VirtualiZarr Manifests,Issue,https://github.com/earth-mover/icechunk/issues/104,comment,2024-09-25T18:05:22Z,2026-05-21T18:16:14Z,earth-mover,icechunk,maxrjones
997,Support basic and bearer auth for Http Storage,Issue,https://github.com/earth-mover/icechunk/issues/997,comment,2025-06-17T13:11:53Z,2026-06-19T02:22:56Z,earth-mover,icechunk,maxrjones
2194,Deprecate `None` for virtual chunk authorization,Issue,https://github.com/earth-mover/icechunk/issues/2194,comment,2026-06-09T16:06:25Z,2026-06-23T15:54:12Z,earth-mover,icechunk,maxrjones
82,Migrate virtual-tiff to use async-geotiff instead of async-tiff,Issue,https://github.com/virtual-zarr/virtual-tiff/issues/82,comment,2026-03-02T17:32:00Z,2026-04-28T09:25:56Z,virtual-zarr,virtual-tiff,maxrjones
95,[Draft] Adds `async-geotiff` as optional dep and path to use if geo metadata is available. ,PullRequest,https://github.com/virtual-zarr/virtual-tiff/pull/95,comment,2026-04-13T20:27:12Z,2026-06-05T20:01:32Z,virtual-zarr,virtual-tiff,maxrjones
96,[docs/bug] notebook link broken,Issue,https://github.com/virtual-zarr/virtual-tiff/issues/96,comment,2026-04-13T20:38:45Z,2026-04-29T21:37:15Z,virtual-zarr,virtual-tiff,maxrjones
102,Use shards to represent TIFF bands,Issue,https://github.com/virtual-zarr/virtual-tiff/issues/102,opened,2026-04-29T20:34:25Z,2026-04-29T20:34:25Z,virtual-zarr,virtual-tiff,maxrjones
21,url in example does not resolve,Issue,https://github.com/zarr-conventions/multiscales/issues/21,comment,2025-12-03T09:30:48Z,2026-06-12T19:48:51Z,zarr-conventions,multiscales,d-v-b
21,url in example does not resolve,Issue,https://github.com/zarr-conventions/multiscales/issues/21,comment,2025-12-03T09:30:48Z,2026-06-12T19:48:51Z,zarr-conventions,multiscales,maxrjones
36,docs: update details for spatial and proj conventions,PullRequest,https://github.com/zarr-conventions/multiscales/pull/36,comment,2026-06-11T00:39:13Z,2026-06-11T05:42:14Z,zarr-conventions,multiscales,d-v-b
37,chore: prepare for v0.1 release,PullRequest,https://github.com/zarr-conventions/multiscales/pull/37,"comment,review",2026-06-12T01:41:21Z,2026-06-12T13:01:15Z,zarr-conventions,multiscales,d-v-b
17,Add recommended reading/writing preference when multiple CRS representations are present,Issue,https://github.com/zarr-conventions/proj/issues/17,comment,2026-03-18T13:52:32Z,2026-05-17T09:07:20Z,zarr-conventions,proj,maxrjones
19,Release not available,Issue,https://github.com/zarr-conventions/proj/issues/19,comment,2026-04-22T15:14:19Z,2026-06-12T19:44:50Z,zarr-conventions,proj,maxrjones
20,Release v1,PullRequest,https://github.com/zarr-conventions/proj/pull/20,"comment,review",2026-04-29T06:11:36Z,2026-06-12T19:41:21Z,zarr-conventions,proj,maxrjones
21,Add recommendations for CRS representation in proj: convention,PullRequest,https://github.com/zarr-conventions/proj/pull/21,"comment,review",2026-04-29T06:29:58Z,2026-05-14T19:33:21Z,zarr-conventions,proj,maxrjones
22,Remove colon from convention name,PullRequest,https://github.com/zarr-conventions/proj/pull/22,"comment,review",2026-05-13T21:42:13Z,2026-05-14T15:39:05Z,zarr-conventions,proj,maxrjones
23,Pre-release review of convention text,Issue,https://github.com/zarr-conventions/proj/issues/23,comment,2026-05-16T07:29:58Z,2026-05-18T13:01:36Z,zarr-conventions,proj,maxrjones
6,Address potential floating point mismatch between transform and bbox,Issue,https://github.com/zarr-conventions/spatial/issues/6,comment,2025-12-11T15:25:23Z,2026-06-17T13:26:11Z,zarr-conventions,spatial,maxrjones
14,Readability improvements to README,PullRequest,https://github.com/zarr-conventions/spatial/pull/14,comment,2026-04-07T14:18:32Z,2026-05-20T15:34:11Z,zarr-conventions,spatial,maxrjones
18,`spatial:transform`,Issue,https://github.com/zarr-conventions/spatial/issues/18,comment,2026-04-12T18:12:06Z,2026-05-18T19:18:46Z,zarr-conventions,spatial,maxrjones
19,`spatial:registration`,Issue,https://github.com/zarr-conventions/spatial/issues/19,comment,2026-04-14T14:32:18Z,2026-05-18T12:57:44Z,zarr-conventions,spatial,maxrjones
22,Make `dimension_names` mandatory at array level,Issue,https://github.com/zarr-conventions/spatial/issues/22,comment,2026-05-13T10:10:58Z,2026-05-17T20:11:24Z,zarr-conventions,spatial,maxrjones
23,make `spatial:dimensions` an **Array only** properties,Issue,https://github.com/zarr-conventions/spatial/issues/23,comment,2026-05-13T10:19:59Z,2026-05-18T13:54:56Z,zarr-conventions,spatial,maxrjones
24,Restrict spatial: convention to 2D (X/Y) only,PullRequest,https://github.com/zarr-conventions/spatial/pull/24,"comment,review",2026-05-13T20:33:53Z,2026-05-14T19:57:16Z,zarr-conventions,spatial,maxrjones
26,Add FAQ: spatial: provides implicit coordinates,PullRequest,https://github.com/zarr-conventions/spatial/pull/26,"comment,review",2026-05-13T21:29:25Z,2026-05-14T15:50:09Z,zarr-conventions,spatial,maxrjones
27,Drop trailing colon from convention name,PullRequest,https://github.com/zarr-conventions/spatial/pull/27,"comment,review",2026-05-13T21:35:31Z,2026-05-14T15:39:49Z,zarr-conventions,spatial,maxrjones
28,Describe spatial:transform elements in coordinate space,PullRequest,https://github.com/zarr-conventions/spatial/pull/28,"comment,review",2026-05-15T14:30:02Z,2026-05-18T19:18:45Z,zarr-conventions,spatial,maxrjones
29,Update URLs to proj convention,PullRequest,https://github.com/zarr-conventions/spatial/pull/29,"comment,review",2026-05-19T18:52:36Z,2026-06-05T19:48:58Z,zarr-conventions,spatial,maxrjones
34,`spatial:dimensions` is confusing.,Issue,https://github.com/zarr-conventions/spatial/issues/34,comment,2026-06-02T22:52:37Z,2026-06-06T00:01:01Z,zarr-conventions,spatial,maxrjones
6,implementations: update GDAL to Full,PullRequest,https://github.com/zarr-developers/geozarr-site/pull/6,comment,2026-03-06T02:57:23Z,2026-05-14T15:18:29Z,zarr-developers,geozarr-site,maxrjones
7,"""Edit this page on GitHub"" links result in 404s",Issue,https://github.com/zarr-developers/geozarr-site/issues/7,comment,2026-03-16T16:48:54Z,2026-05-14T15:23:46Z,zarr-developers,geozarr-site,maxrjones
10,implementations: expand compatibility matrix and add implementation details,PullRequest,https://github.com/zarr-developers/geozarr-site/pull/10,"comment,review",2026-04-02T12:24:17Z,2026-05-14T15:17:29Z,zarr-developers,geozarr-site,maxrjones
11,Link to eopf data-model leads to 404,Issue,https://github.com/zarr-developers/geozarr-site/issues/11,comment,2026-04-20T08:03:49Z,2026-05-14T15:23:19Z,zarr-developers,geozarr-site,maxrjones
18,Add STAC-browser to implementations,Issue,https://github.com/zarr-developers/geozarr-site/issues/18,opened,2026-06-03T00:25:51Z,2026-06-11T20:54:14Z,zarr-developers,geozarr-site,maxrjones
19,Clarify meeting times,Issue,https://github.com/zarr-developers/geozarr-site/issues/19,comment,2026-06-11T06:50:52Z,2026-06-11T20:30:21Z,zarr-developers,geozarr-site,maxrjones
102,Consistent versioning strategy for GeoZarr conventions,Issue,https://github.com/zarr-developers/geozarr-spec/issues/102,comment,2025-12-12T17:00:19Z,2026-05-22T19:38:41Z,zarr-developers,geozarr-spec,maxrjones
126,Discussion: final GitHub hosting location for GeoZarr materials,Issue,https://github.com/zarr-developers/geozarr-spec/issues/126,comment,2026-03-04T03:21:40Z,2026-05-19T17:44:02Z,zarr-developers,geozarr-spec,d-v-b
133,spatial:extent: STAC-style list of bboxes at the store root,Issue,https://github.com/zarr-developers/geozarr-spec/issues/133,comment,2026-04-28T07:47:24Z,2026-06-15T12:54:04Z,zarr-developers,geozarr-spec,maxrjones
134,No downloadable GeoZarr sample found,Issue,https://github.com/zarr-developers/geozarr-spec/issues/134,comment,2026-04-28T09:24:53Z,2026-05-20T14:10:12Z,zarr-developers,geozarr-spec,maxrjones
140,Update Editors draft,Issue,https://github.com/zarr-developers/geozarr-spec/issues/140,opened,2026-06-02T02:30:47Z,2026-06-02T02:30:47Z,zarr-developers,geozarr-spec,maxrjones
141,Why is the GeoZarr spec needed at all if it's just referencing other conventions?,Issue,https://github.com/zarr-developers/geozarr-spec/issues/141,"comment,opened",2026-06-03T22:49:31Z,2026-06-05T23:41:04Z,zarr-developers,geozarr-spec,maxrjones
19,use zarr-cm for types?,Issue,https://github.com/zarr-developers/geozarr-toolkit/issues/19,opened,2026-06-23T10:17:04Z,2026-06-23T15:37:19Z,zarr-developers,geozarr-toolkit,d-v-b
19,use zarr-cm for types?,Issue,https://github.com/zarr-developers/geozarr-toolkit/issues/19,comment,2026-06-23T10:17:04Z,2026-06-23T15:37:19Z,zarr-developers,geozarr-toolkit,maxrjones
20,refactor(conventions): source convention identity & validation from zarr-cm,PullRequest,https://github.com/zarr-developers/geozarr-toolkit/pull/20,comment,2026-06-24T19:57:56Z,2026-06-26T05:11:21Z,zarr-developers,geozarr-toolkit,maxrjones
569,"Use System lz4, zstd, and blosc",PullRequest,https://github.com/zarr-developers/numcodecs/pull/569,comment,2024-08-27T16:22:58Z,2026-06-05T15:19:22Z,zarr-developers,numcodecs,d-v-b
569,"Use System lz4, zstd, and blosc",PullRequest,https://github.com/zarr-developers/numcodecs/pull/569,comment,2024-08-27T16:22:58Z,2026-06-05T15:19:22Z,zarr-developers,numcodecs,maxrjones
741,add numcodecs.zarr3.to_zarr3 method,PullRequest,https://github.com/zarr-developers/numcodecs/pull/741,comment,2025-04-22T12:05:05Z,2026-06-29T19:15:48Z,zarr-developers,numcodecs,d-v-b
805,Bump actions/setup-python from 5 to 6,PullRequest,https://github.com/zarr-developers/numcodecs/pull/805,"comment,review",2025-11-24T14:30:52Z,2026-06-18T13:03:36Z,zarr-developers,numcodecs,d-v-b
810,`RuntimeError: error during blosc decompression: -1`,Issue,https://github.com/zarr-developers/numcodecs/issues/810,comment,2025-11-24T23:05:05Z,2026-06-05T00:31:24Z,zarr-developers,numcodecs,d-v-b
811,Fix `ZFPY` contiguous array error when used in Zarr,PullRequest,https://github.com/zarr-developers/numcodecs/pull/811,"comment,review",2025-12-17T15:50:23Z,2026-06-19T08:53:16Z,zarr-developers,numcodecs,d-v-b
814,"Documentation cleanup: fix typos, grammar, and naming consistency",PullRequest,https://github.com/zarr-developers/numcodecs/pull/814,comment,2026-02-08T10:13:06Z,2026-05-14T08:00:20Z,zarr-developers,numcodecs,d-v-b
817,update pcodec,PullRequest,https://github.com/zarr-developers/numcodecs/pull/817,"comment,review",2026-02-12T12:41:24Z,2026-06-18T19:58:18Z,zarr-developers,numcodecs,d-v-b
818,Switch from pyzstd to compression.zstd,PullRequest,https://github.com/zarr-developers/numcodecs/pull/818,comment,2026-02-15T10:21:26Z,2026-06-22T16:40:36Z,zarr-developers,numcodecs,d-v-b
819,update macos intel runner,PullRequest,https://github.com/zarr-developers/numcodecs/pull/819,comment,2026-02-20T17:36:19Z,2026-06-07T21:00:35Z,zarr-developers,numcodecs,d-v-b
822,Suppress NumPy 2.4 VisibleDeprecationWarning for align=0 in test,PullRequest,https://github.com/zarr-developers/numcodecs/pull/822,comment,2026-03-17T19:06:26Z,2026-06-15T20:30:17Z,zarr-developers,numcodecs,d-v-b
825,Use pixi to simplify ci jobs,PullRequest,https://github.com/zarr-developers/numcodecs/pull/825,comment,2026-03-17T20:13:32Z,2026-06-16T15:31:18Z,zarr-developers,numcodecs,d-v-b
827,Update README to markdown with working badges,PullRequest,https://github.com/zarr-developers/numcodecs/pull/827,comment,2026-03-18T15:20:22Z,2026-06-16T21:01:27Z,zarr-developers,numcodecs,d-v-b
829,Move tests out of installable distribution,PullRequest,https://github.com/zarr-developers/numcodecs/pull/829,comment,2026-03-18T18:46:22Z,2026-06-16T20:30:55Z,zarr-developers,numcodecs,d-v-b
830,Convert RST docs to markdown,PullRequest,https://github.com/zarr-developers/numcodecs/pull/830,comment,2026-03-18T19:51:32Z,2026-06-17T01:00:43Z,zarr-developers,numcodecs,d-v-b
835,chore: update pre-commit hook mypy,PullRequest,https://github.com/zarr-developers/numcodecs/pull/835,comment,2026-04-12T07:54:00Z,2026-06-22T17:23:11Z,zarr-developers,numcodecs,d-v-b
836,chore: update pre-commit hook sp-repo-review ,PullRequest,https://github.com/zarr-developers/numcodecs/pull/836,"comment,review",2026-04-12T08:11:32Z,2026-06-19T22:16:10Z,zarr-developers,numcodecs,d-v-b
837,Leaner `tool.ruff.lint.ignore`,PullRequest,https://github.com/zarr-developers/numcodecs/pull/837,"comment,review",2026-04-12T08:29:39Z,2026-06-19T18:17:34Z,zarr-developers,numcodecs,d-v-b
838,Bump GitHub actions,PullRequest,https://github.com/zarr-developers/numcodecs/pull/838,"comment,review",2026-04-12T08:44:33Z,2026-06-19T13:19:50Z,zarr-developers,numcodecs,d-v-b
839,CI: Fix Meson mixup between Conda and system Python headers,PullRequest,https://github.com/zarr-developers/numcodecs/pull/839,comment,2026-04-18T13:32:09Z,2026-05-14T07:48:37Z,zarr-developers,numcodecs,d-v-b
840,zarr-python does not depend on crc32c anymore,PullRequest,https://github.com/zarr-developers/numcodecs/pull/840,"comment,review",2026-04-18T15:39:34Z,2026-06-18T12:12:52Z,zarr-developers,numcodecs,d-v-b
843,Reproduce #810,PullRequest,https://github.com/zarr-developers/numcodecs/pull/843,comment,2026-06-05T00:09:22Z,2026-06-05T16:29:27Z,zarr-developers,numcodecs,d-v-b
847,Release 0.15.2?,Issue,https://github.com/zarr-developers/numcodecs/issues/847,comment,2026-06-20T01:38:25Z,2026-06-20T06:07:18Z,zarr-developers,numcodecs,d-v-b
992,Comprehensive fixes for fill / sentinel-value handling,Discussion,https://github.com/zarr-developers/VirtualiZarr/discussions/992,discussion,2026-05-13T17:13:25Z,2026-05-13T17:13:25Z,zarr-developers,virtualizarr,maxrjones
167,Proposal: Migrate from Jekyll to VitePress,Issue,https://github.com/zarr-developers/zarr-developers.github.io/issues/167,comment,2026-02-24T02:39:57Z,2026-06-02T23:19:34Z,zarr-developers,zarr-developers.github.io,maxrjones
172,feat: redesign website,PullRequest,https://github.com/zarr-developers/zarr-developers.github.io/pull/172,comment,2026-05-08T14:07:49Z,2026-05-08T16:24:34Z,zarr-developers,zarr-developers.github.io,d-v-b
173,add earthmover logo to adopters and datasets pages,PullRequest,https://github.com/zarr-developers/zarr-developers.github.io/pull/173,"comment,review",2026-05-08T20:56:36Z,2026-05-11T15:55:48Z,zarr-developers,zarr-developers.github.io,maxrjones
175,"""Biggest Zarr Store"" High Score/Leaderboard",Issue,https://github.com/zarr-developers/zarr-developers.github.io/issues/175,comment,2026-05-26T15:32:50Z,2026-05-27T13:34:27Z,zarr-developers,zarr-developers.github.io,d-v-b
4,Naming the dtypes from zarr-python#2874,Issue,https://github.com/zarr-developers/zarr-extensions/issues/4,comment,2025-04-11T20:46:21Z,2026-05-21T10:19:13Z,zarr-developers,zarr-extensions,d-v-b
4,Naming the dtypes from zarr-python#2874,Issue,https://github.com/zarr-developers/zarr-extensions/issues/4,comment,2025-04-11T20:46:21Z,2026-05-21T10:19:13Z,zarr-developers,zarr-extensions,maxrjones
10,Reshape codec,PullRequest,https://github.com/zarr-developers/zarr-extensions/pull/10,comment,2025-04-30T18:03:25Z,2026-05-01T12:59:30Z,zarr-developers,zarr-extensions,d-v-b
15,image codecs,Issue,https://github.com/zarr-developers/zarr-extensions/issues/15,comment,2025-05-16T10:02:21Z,2026-04-30T09:50:16Z,zarr-developers,zarr-extensions,d-v-b
15,image codecs,Issue,https://github.com/zarr-developers/zarr-extensions/issues/15,comment,2025-05-16T10:02:21Z,2026-04-30T09:50:16Z,zarr-developers,zarr-extensions,maxrjones
18,numpy `S*` and `V*` dtypes,Issue,https://github.com/zarr-developers/zarr-extensions/issues/18,comment,2025-06-07T15:41:25Z,2026-05-16T11:08:26Z,zarr-developers,zarr-extensions,d-v-b
41,Add arrow-ipc Array -> Byes codec,PullRequest,https://github.com/zarr-developers/zarr-extensions/pull/41,comment,2025-12-03T19:49:38Z,2026-05-06T18:50:01Z,zarr-developers,zarr-extensions,d-v-b
57,generic container data types,Issue,https://github.com/zarr-developers/zarr-extensions/issues/57,comment,2026-04-22T12:23:43Z,2026-05-18T18:12:24Z,zarr-developers,zarr-extensions,d-v-b
61,data types for fixed-length sequences of bytes,Issue,https://github.com/zarr-developers/zarr-extensions/issues/61,"comment,opened",2026-05-16T11:25:21Z,2026-05-16T17:41:11Z,zarr-developers,zarr-extensions,d-v-b
64,Proposal: a multiply-to-unpack scale/offset codec,Issue,https://github.com/zarr-developers/zarr-extensions/issues/64,comment,2026-06-15T17:30:31Z,2026-06-15T19:01:56Z,zarr-developers,zarr-extensions,d-v-b
65,Update references from steering council to ZFWG,PullRequest,https://github.com/zarr-developers/zarr-extensions/pull/65,"comment,review",2026-06-24T07:38:39Z,2026-06-27T10:14:22Z,zarr-developers,zarr-extensions,d-v-b
149,Tables/DataFrames - requirements,Issue,https://github.com/zarr-developers/zarr-python/issues/149,comment,2017-06-23T13:19:39Z,2026-05-08T11:26:10Z,zarr-developers,zarr-python,d-v-b
278,LRU cache for decoded chunks,Issue,https://github.com/zarr-developers/zarr-python/issues/278,comment,2018-07-20T08:15:41Z,2026-06-25T23:38:27Z,zarr-developers,zarr-python,d-v-b
486,How to prevent Zarr from returning NaN for missing chunks?,Issue,https://github.com/zarr-developers/zarr-python/issues/486,comment,2019-10-19T11:52:54Z,2026-04-30T22:32:56Z,zarr-developers,zarr-python,d-v-b
486,How to prevent Zarr from returning NaN for missing chunks?,Issue,https://github.com/zarr-developers/zarr-python/issues/486,comment,2019-10-19T11:52:54Z,2026-04-30T22:32:56Z,zarr-developers,zarr-python,maxrjones
514,Consider moving the tutorial to a Jupyter notebook,Issue,https://github.com/zarr-developers/zarr-python/issues/514,comment,2019-11-15T18:26:26Z,2026-06-16T23:57:58Z,zarr-developers,zarr-python,maxrjones
592,Support discarding chunks,Issue,https://github.com/zarr-developers/zarr-python/issues/592,comment,2020-08-28T12:53:41Z,2026-06-17T00:43:55Z,zarr-developers,zarr-python,maxrjones
857,ProcessSynchronizer not write safe,Issue,https://github.com/zarr-developers/zarr-python/issues/857,comment,2021-10-21T20:06:01Z,2026-06-17T00:33:54Z,zarr-developers,zarr-python,maxrjones
1118,Adding GitHub release publishing step (when tagging),Issue,https://github.com/zarr-developers/zarr-python/issues/1118,comment,2022-09-01T16:36:04Z,2026-05-13T13:45:26Z,zarr-developers,zarr-python,maxrjones
1232,Add Frequently Asked Question section( FAQ) to docs,Issue,https://github.com/zarr-developers/zarr-python/issues/1232,comment,2022-10-28T10:11:53Z,2026-06-16T23:59:30Z,zarr-developers,zarr-python,maxrjones
1245,Add example to docs of using memory-mapping,Issue,https://github.com/zarr-developers/zarr-python/issues/1245,comment,2022-11-02T20:04:46Z,2026-06-17T00:01:30Z,zarr-developers,zarr-python,maxrjones
1266,Release note workflow,Issue,https://github.com/zarr-developers/zarr-python/issues/1266,comment,2022-11-15T21:35:42Z,2026-05-13T13:19:32Z,zarr-developers,zarr-python,maxrjones
1595,Implement Variable Chunking (ZEP003) in V3,Issue,https://github.com/zarr-developers/zarr-python/issues/1595,comment,2023-12-07T21:45:30Z,2026-06-25T23:59:50Z,zarr-developers,zarr-python,maxrjones
1752,[v3] Internal ChunkGrid API,Issue,https://github.com/zarr-developers/zarr-python/issues/1752,comment,2024-04-05T17:42:05Z,2026-06-26T00:00:30Z,zarr-developers,zarr-python,maxrjones
1903,Add Pyodide support and CI jobs for Zarr,PullRequest,https://github.com/zarr-developers/zarr-python/pull/1903,comment,2024-05-23T19:21:31Z,2026-06-26T14:02:32Z,zarr-developers,zarr-python,d-v-b
2022,Fix indexing bug when reading past the first chunk in a shard,PullRequest,https://github.com/zarr-developers/zarr-python/pull/2022,comment,2024-07-10T12:58:43Z,2026-05-14T17:16:38Z,zarr-developers,zarr-python,d-v-b
2181,Explain why N5Store is being removed,Issue,https://github.com/zarr-developers/zarr-python/issues/2181,comment,2024-09-13T13:10:40Z,2026-05-13T13:20:57Z,zarr-developers,zarr-python,d-v-b
2181,Explain why N5Store is being removed,Issue,https://github.com/zarr-developers/zarr-python/issues/2181,comment,2024-09-13T13:10:40Z,2026-05-13T13:20:57Z,zarr-developers,zarr-python,maxrjones
2380,Cyclic imports,Issue,https://github.com/zarr-developers/zarr-python/issues/2380,comment,2024-10-15T17:08:02Z,2026-05-13T14:01:18Z,zarr-developers,zarr-python,d-v-b
2380,Cyclic imports,Issue,https://github.com/zarr-developers/zarr-python/issues/2380,comment,2024-10-15T17:08:02Z,2026-05-13T14:01:18Z,zarr-developers,zarr-python,maxrjones
2419,Review TODOs before v3?,Issue,https://github.com/zarr-developers/zarr-python/issues/2419,comment,2024-10-20T12:37:47Z,2026-05-13T13:46:33Z,zarr-developers,zarr-python,maxrjones
2447,more extensive `api` x `store` testing,PullRequest,https://github.com/zarr-developers/zarr-python/pull/2447,comment,2024-10-30T12:19:10Z,2026-06-08T14:13:34Z,zarr-developers,zarr-python,chuckwondo
2559,xarray integration tests,PullRequest,https://github.com/zarr-developers/zarr-python/pull/2559,comment,2024-12-14T21:19:56Z,2026-06-12T09:34:10Z,zarr-developers,zarr-python,d-v-b
2856,Open zip store from path with zip suffix,PullRequest,https://github.com/zarr-developers/zarr-python/pull/2856,comment,2025-02-21T23:03:18Z,2026-06-18T21:35:44Z,zarr-developers,zarr-python,d-v-b
2863,Zstd Codec on the GPU,PullRequest,https://github.com/zarr-developers/zarr-python/pull/2863,comment,2025-02-25T16:15:20Z,2026-06-17T05:07:34Z,zarr-developers,zarr-python,d-v-b
2924,define our deprecation policy,Issue,https://github.com/zarr-developers/zarr-python/issues/2924,comment,2025-03-21T13:08:10Z,2026-06-25T23:39:47Z,zarr-developers,zarr-python,d-v-b
2924,define our deprecation policy,Issue,https://github.com/zarr-developers/zarr-python/issues/2924,comment,2025-03-21T13:08:10Z,2026-06-25T23:39:47Z,zarr-developers,zarr-python,maxrjones
2929,Metadata comparison fails for NaN fill_values,Issue,https://github.com/zarr-developers/zarr-python/issues/2929,comment,2025-03-24T19:17:14Z,2026-05-22T16:07:40Z,zarr-developers,zarr-python,d-v-b
3000,should the backend for `MemoryStore` instances be registered?,Issue,https://github.com/zarr-developers/zarr-python/issues/3000,comment,2025-04-19T15:50:27Z,2026-05-15T15:29:46Z,zarr-developers,zarr-python,d-v-b
3004,Optimize partial shard reads,PullRequest,https://github.com/zarr-developers/zarr-python/pull/3004,"comment,review",2025-04-22T04:34:59Z,2026-05-19T15:31:31Z,zarr-developers,zarr-python,d-v-b
3004,Optimize partial shard reads,PullRequest,https://github.com/zarr-developers/zarr-python/pull/3004,comment,2025-04-22T04:34:59Z,2026-05-19T15:31:31Z,zarr-developers,zarr-python,maxrjones
3006,DOC: release-notes missing for 3.0.7 release,Issue,https://github.com/zarr-developers/zarr-python/issues/3006,comment,2025-04-22T17:26:27Z,2026-04-29T18:36:18Z,zarr-developers,zarr-python,d-v-b
3006,DOC: release-notes missing for 3.0.7 release,Issue,https://github.com/zarr-developers/zarr-python/issues/3006,comment,2025-04-22T17:26:27Z,2026-04-29T18:36:18Z,zarr-developers,zarr-python,maxrjones
3084,deprecate / remove support for creating v2 array metadata with `null` fill value ,Issue,https://github.com/zarr-developers/zarr-python/issues/3084,comment,2025-05-23T09:15:48Z,2026-06-03T20:12:06Z,zarr-developers,zarr-python,d-v-b
3102,zarr python 2.18 is incompatible with numpy's variable-length strings dtype,Issue,https://github.com/zarr-developers/zarr-python/issues/3102,comment,2025-05-28T09:57:57Z,2026-06-03T19:54:48Z,zarr-developers,zarr-python,d-v-b
3164,Memory Leak in Sharded Zarr Indexing,Issue,https://github.com/zarr-developers/zarr-python/issues/3164,comment,2025-06-23T12:08:25Z,2026-06-10T02:16:56Z,zarr-developers,zarr-python,d-v-b
3174,Segmentation Fault on reading StringDType ZarrArray,Issue,https://github.com/zarr-developers/zarr-python/issues/3174,comment,2025-06-26T14:10:34Z,2026-06-03T19:51:16Z,zarr-developers,zarr-python,d-v-b
3247,Confusing constructors for new data types,Issue,https://github.com/zarr-developers/zarr-python/issues/3247,comment,2025-07-15T13:19:33Z,2026-06-03T19:50:08Z,zarr-developers,zarr-python,d-v-b
3285,unified runtime type checking for our json data,Issue,https://github.com/zarr-developers/zarr-python/issues/3285,comment,2025-07-23T08:58:19Z,2026-06-09T06:39:30Z,zarr-developers,zarr-python,d-v-b
3296,array.nchunks is ambiguous,Issue,https://github.com/zarr-developers/zarr-python/issues/3296,comment,2025-07-25T09:42:22Z,2026-06-26T00:22:08Z,zarr-developers,zarr-python,d-v-b
3319,Proposal for a new SQLiteStore implementation in zarr-python v3,Issue,https://github.com/zarr-developers/zarr-python/issues/3319,comment,2025-07-31T18:34:33Z,2026-06-25T23:37:38Z,zarr-developers,zarr-python,d-v-b
3319,Proposal for a new SQLiteStore implementation in zarr-python v3,Issue,https://github.com/zarr-developers/zarr-python/issues/3319,comment,2025-07-31T18:34:33Z,2026-06-25T23:37:38Z,zarr-developers,zarr-python,maxrjones
3345,fix: check for non-int 0 fill values,PullRequest,https://github.com/zarr-developers/zarr-python/pull/3345,comment,2025-08-05T17:50:17Z,2026-06-12T09:12:34Z,zarr-developers,zarr-python,d-v-b
3354,DOC: developer docs for building documentation,Issue,https://github.com/zarr-developers/zarr-python/issues/3354,comment,2025-08-06T13:23:13Z,2026-06-16T23:32:30Z,zarr-developers,zarr-python,d-v-b
3354,DOC: developer docs for building documentation,Issue,https://github.com/zarr-developers/zarr-python/issues/3354,comment,2025-08-06T13:23:13Z,2026-06-16T23:32:30Z,zarr-developers,zarr-python,maxrjones
3355,add modules for types,PullRequest,https://github.com/zarr-developers/zarr-python/pull/3355,comment,2025-08-06T15:03:26Z,2026-05-01T22:15:45Z,zarr-developers,zarr-python,maxrjones
3405,Incorporate script checking downstream tests - to ease release,Issue,https://github.com/zarr-developers/zarr-python/issues/3405,comment,2025-08-25T18:14:43Z,2026-06-03T13:44:20Z,zarr-developers,zarr-python,d-v-b
3405,Incorporate script checking downstream tests - to ease release,Issue,https://github.com/zarr-developers/zarr-python/issues/3405,comment,2025-08-25T18:14:43Z,2026-06-03T13:44:20Z,zarr-developers,zarr-python,maxrjones
3416,`BytesCodec`'s `endian` does not roundtrip,Issue,https://github.com/zarr-developers/zarr-python/issues/3416,comment,2025-08-30T09:53:15Z,2026-06-18T19:51:57Z,zarr-developers,zarr-python,d-v-b
3417,allow roundtripping the `BytesCodec`,PullRequest,https://github.com/zarr-developers/zarr-python/pull/3417,"comment,review",2025-08-30T20:13:41Z,2026-06-18T19:51:56Z,zarr-developers,zarr-python,d-v-b
3435,Deprecate group(),PullRequest,https://github.com/zarr-developers/zarr-python/pull/3435,comment,2025-09-05T08:13:18Z,2026-06-23T17:17:52Z,zarr-developers,zarr-python,d-v-b
3452,Feature: support uvloop as a faster alternative to Python's default IO loop,PullRequest,https://github.com/zarr-developers/zarr-python/pull/3452,comment,2025-09-14T03:22:08Z,2026-05-06T13:50:17Z,zarr-developers,zarr-python,d-v-b
3469,"Bytes array + ellipsis slicing -> IndexError: too many indices for array; expected 0, got 1",Issue,https://github.com/zarr-developers/zarr-python/issues/3469,comment,2025-09-17T14:24:57Z,2026-06-26T14:14:50Z,zarr-developers,zarr-python,d-v-b
3469,"Bytes array + ellipsis slicing -> IndexError: too many indices for array; expected 0, got 1",Issue,https://github.com/zarr-developers/zarr-python/issues/3469,comment,2025-09-17T14:24:57Z,2026-06-26T14:14:50Z,zarr-developers,zarr-python,maxrjones
3498,missing doctests,Issue,https://github.com/zarr-developers/zarr-python/issues/3498,comment,2025-10-01T11:44:36Z,2026-05-26T20:23:32Z,zarr-developers,zarr-python,d-v-b
3519,Relax constraint on numpy during type checking,PullRequest,https://github.com/zarr-developers/zarr-python/pull/3519,comment,2025-10-13T19:19:20Z,2026-06-12T14:03:15Z,zarr-developers,zarr-python,d-v-b
3534,Feature: support rectilinear chunk grid extension ,PullRequest,https://github.com/zarr-developers/zarr-python/pull/3534,comment,2025-10-20T12:36:21Z,2026-05-06T13:50:01Z,zarr-developers,zarr-python,d-v-b
3534,Feature: support rectilinear chunk grid extension ,PullRequest,https://github.com/zarr-developers/zarr-python/pull/3534,comment,2025-10-20T12:36:21Z,2026-05-06T13:50:01Z,zarr-developers,zarr-python,maxrjones
3567, feat: Implement ZEP 8 URL syntax support for zarr-python ,PullRequest,https://github.com/zarr-developers/zarr-python/pull/3567,comment,2025-11-04T18:00:34Z,2026-06-16T18:23:54Z,zarr-developers,zarr-python,maxrjones
3573,Add properties to get chunk and shard slices,PullRequest,https://github.com/zarr-developers/zarr-python/pull/3573,comment,2025-11-06T11:07:55Z,2026-06-01T00:27:46Z,zarr-developers,zarr-python,d-v-b
3612,Adding `copy_store` convenience method for `Group`,PullRequest,https://github.com/zarr-developers/zarr-python/pull/3612,comment,2025-12-03T15:51:49Z,2026-06-26T06:31:00Z,zarr-developers,zarr-python,d-v-b
3613,Arrow ipc Array -> Bytes codec,PullRequest,https://github.com/zarr-developers/zarr-python/pull/3613,comment,2025-12-03T19:50:06Z,2026-05-07T20:04:01Z,zarr-developers,zarr-python,d-v-b
3711,disallow regular chunk grid with 0-length chunks,Issue,https://github.com/zarr-developers/zarr-python/issues/3711,comment,2026-02-16T10:57:04Z,2026-06-03T19:48:09Z,zarr-developers,zarr-python,d-v-b
3724,DOC: broken redirects of `zarr.codecs.numcodecs` in the API reference,Issue,https://github.com/zarr-developers/zarr-python/issues/3724,comment,2026-02-26T16:01:11Z,2026-06-03T19:51:23Z,zarr-developers,zarr-python,d-v-b
3734,chunk grid base class should not act as a registry,Issue,https://github.com/zarr-developers/zarr-python/issues/3734,comment,2026-03-01T03:48:39Z,2026-06-03T19:42:42Z,zarr-developers,zarr-python,d-v-b
3751,Cannot write a 0 dimensional array with sharding,Issue,https://github.com/zarr-developers/zarr-python/issues/3751,comment,2026-03-08T19:27:29Z,2026-05-14T11:01:40Z,zarr-developers,zarr-python,chuckwondo
3751,Cannot write a 0 dimensional array with sharding,Issue,https://github.com/zarr-developers/zarr-python/issues/3751,comment,2026-03-08T19:27:29Z,2026-05-14T11:01:40Z,zarr-developers,zarr-python,maxrjones
3772,support scale_offset and cast_value codecs,Issue,https://github.com/zarr-developers/zarr-python/issues/3772,comment,2026-03-13T09:02:30Z,2026-06-03T19:41:52Z,zarr-developers,zarr-python,d-v-b
3773,Divergent behavior of memory store and localstore list prefix,Issue,https://github.com/zarr-developers/zarr-python/issues/3773,comment,2026-03-13T14:55:59Z,2026-04-28T09:37:29Z,zarr-developers,zarr-python,d-v-b
3773,Divergent behavior of memory store and localstore list prefix,Issue,https://github.com/zarr-developers/zarr-python/issues/3773,comment,2026-03-13T14:55:59Z,2026-04-28T09:37:29Z,zarr-developers,zarr-python,maxrjones
3780,`NDArrayLike` Typing with newer `numpy` typing,Issue,https://github.com/zarr-developers/zarr-python/issues/3780,comment,2026-03-14T13:36:15Z,2026-06-26T00:05:45Z,zarr-developers,zarr-python,d-v-b
3795,public types for metadata objects,Issue,https://github.com/zarr-developers/zarr-python/issues/3795,comment,2026-03-20T11:13:02Z,2026-06-16T23:56:16Z,zarr-developers,zarr-python,maxrjones
3798,Add test-pypi workflow,Issue,https://github.com/zarr-developers/zarr-python/issues/3798,comment,2026-03-20T13:47:11Z,2026-05-04T20:18:45Z,zarr-developers,zarr-python,d-v-b
3799,add serializable protocol,PullRequest,https://github.com/zarr-developers/zarr-python/pull/3799,"comment,review",2026-03-20T14:21:49Z,2026-05-22T14:12:58Z,zarr-developers,zarr-python,maxrjones
3826,feat: subchunk write order,PullRequest,https://github.com/zarr-developers/zarr-python/pull/3826,"comment,review",2026-03-24T11:04:30Z,2026-05-22T12:01:34Z,zarr-developers,zarr-python,d-v-b
3835,Stabilize zarr.core.sync.sync() for downstream async integration,Discussion,https://github.com/zarr-developers/zarr-python/discussions/3835,discussion,2026-03-25T16:56:39Z,2026-06-04T13:00:06Z,zarr-developers,zarr-python,d-v-b
3847,chore: use `coverage run` instead of `pytest --cov`,PullRequest,https://github.com/zarr-developers/zarr-python/pull/3847,comment,2026-03-30T16:02:04Z,2026-06-29T06:31:37Z,zarr-developers,zarr-python,d-v-b
3856,fix: update OSPO action references to canonical org path,PullRequest,https://github.com/zarr-developers/zarr-python/pull/3856,"comment,review",2026-03-31T19:46:17Z,2026-06-12T17:19:41Z,zarr-developers,zarr-python,d-v-b
3861,Document kwargs in zarr.create,PullRequest,https://github.com/zarr-developers/zarr-python/pull/3861,comment,2026-04-01T09:13:13Z,2026-04-26T08:41:14Z,zarr-developers,zarr-python,d-v-b
3866,Provide informative errors when opening Icechunk data without the Icechunk storage transformer,Issue,https://github.com/zarr-developers/zarr-python/issues/3866,comment,2026-04-02T23:46:28Z,2026-06-02T23:22:44Z,zarr-developers,zarr-python,d-v-b
3866,Provide informative errors when opening Icechunk data without the Icechunk storage transformer,Issue,https://github.com/zarr-developers/zarr-python/issues/3866,comment,2026-04-02T23:46:28Z,2026-06-02T23:22:44Z,zarr-developers,zarr-python,maxrjones
3867,"zarr v3 scale-offset codec, and should the codec API be defined upstream",Issue,https://github.com/zarr-developers/zarr-python/issues/3867,comment,2026-04-03T09:04:41Z,2026-04-30T20:40:13Z,zarr-developers,zarr-python,d-v-b
3867,"zarr v3 scale-offset codec, and should the codec API be defined upstream",Issue,https://github.com/zarr-developers/zarr-python/issues/3867,comment,2026-04-03T09:04:41Z,2026-04-30T20:40:13Z,zarr-developers,zarr-python,maxrjones
3869,Consider `Iterable[Iterable[int]]` for `ChunksLike` instead of `Sequence[Sequence[int]]`,Issue,https://github.com/zarr-developers/zarr-python/issues/3869,comment,2026-04-03T15:48:35Z,2026-05-20T19:43:56Z,zarr-developers,zarr-python,chuckwondo
3869,Consider `Iterable[Iterable[int]]` for `ChunksLike` instead of `Sequence[Sequence[int]]`,Issue,https://github.com/zarr-developers/zarr-python/issues/3869,comment,2026-04-03T15:48:35Z,2026-05-20T19:43:56Z,zarr-developers,zarr-python,d-v-b
3869,Consider `Iterable[Iterable[int]]` for `ChunksLike` instead of `Sequence[Sequence[int]]`,Issue,https://github.com/zarr-developers/zarr-python/issues/3869,comment,2026-04-03T15:48:35Z,2026-05-20T19:43:56Z,zarr-developers,zarr-python,maxrjones
3874,feat: add cast_value and scale_offset codecs,PullRequest,https://github.com/zarr-developers/zarr-python/pull/3874,"comment,review",2026-04-06T12:20:13Z,2026-06-06T15:55:30Z,zarr-developers,zarr-python,maxrjones
3896,chore: automate more of the release process,PullRequest,https://github.com/zarr-developers/zarr-python/pull/3896,"comment,review",2026-04-09T16:49:56Z,2026-04-30T21:06:39Z,zarr-developers,zarr-python,d-v-b
3897,chore: clean up metadata tests,PullRequest,https://github.com/zarr-developers/zarr-python/pull/3897,comment,2026-04-10T13:00:46Z,2026-04-27T11:35:54Z,zarr-developers,zarr-python,maxrjones
3898,"given shape=(s,) chunks=(-1,) should mean (s,)",Issue,https://github.com/zarr-developers/zarr-python/issues/3898,comment,2026-04-10T16:13:48Z,2026-05-07T19:28:48Z,zarr-developers,zarr-python,d-v-b
3899,refactor: simplify internal chunk representation,PullRequest,https://github.com/zarr-developers/zarr-python/pull/3899,"comment,review",2026-04-12T12:27:10Z,2026-05-07T19:28:51Z,zarr-developers,zarr-python,maxrjones
3904,make data type registry static,Issue,https://github.com/zarr-developers/zarr-python/issues/3904,comment,2026-04-13T15:56:41Z,2026-05-26T16:42:09Z,zarr-developers,zarr-python,chuckwondo
3904,make data type registry static,Issue,https://github.com/zarr-developers/zarr-python/issues/3904,comment,2026-04-13T15:56:41Z,2026-05-26T16:42:09Z,zarr-developers,zarr-python,d-v-b
3907,feat: add SupportsSetRange protocol and store implementations,PullRequest,https://github.com/zarr-developers/zarr-python/pull/3907,comment,2026-04-15T08:44:20Z,2026-06-03T22:30:46Z,zarr-developers,zarr-python,maxrjones
3908,perf: cache default ArraySpec for regular chunk grids,PullRequest,https://github.com/zarr-developers/zarr-python/pull/3908,"comment,review",2026-04-15T09:24:25Z,2026-05-30T07:06:38Z,zarr-developers,zarr-python,maxrjones
3913,upstream basic metadata classes,Issue,https://github.com/zarr-developers/zarr-python/issues/3913,comment,2026-04-16T10:03:45Z,2026-05-02T15:18:33Z,zarr-developers,zarr-python,d-v-b
3915,unnecessary methods on `CodecPipeline`,Issue,https://github.com/zarr-developers/zarr-python/issues/3915,comment,2026-04-17T07:29:28Z,2026-04-28T12:19:12Z,zarr-developers,zarr-python,d-v-b
3917,test: add tests for version info in zarr,PullRequest,https://github.com/zarr-developers/zarr-python/pull/3917,comment,2026-04-20T08:47:11Z,2026-06-25T23:19:49Z,zarr-developers,zarr-python,maxrjones
3919,feat:metadata package,PullRequest,https://github.com/zarr-developers/zarr-python/pull/3919,"comment,review",2026-04-21T22:26:27Z,2026-05-01T22:16:13Z,zarr-developers,zarr-python,maxrjones
3923,newtype pattern to protect against sloppy path normalization,Issue,https://github.com/zarr-developers/zarr-python/issues/3923,comment,2026-04-23T16:32:01Z,2026-05-28T11:35:07Z,zarr-developers,zarr-python,chuckwondo
3923,newtype pattern to protect against sloppy path normalization,Issue,https://github.com/zarr-developers/zarr-python/issues/3923,comment,2026-04-23T16:32:01Z,2026-05-28T11:35:07Z,zarr-developers,zarr-python,d-v-b
3925,feat:get_ranges,PullRequest,https://github.com/zarr-developers/zarr-python/pull/3925,"comment,review",2026-04-24T19:06:38Z,2026-05-15T21:34:57Z,zarr-developers,zarr-python,chuckwondo
3925,feat:get_ranges,PullRequest,https://github.com/zarr-developers/zarr-python/pull/3925,"comment,review",2026-04-24T19:06:38Z,2026-05-15T21:34:57Z,zarr-developers,zarr-python,maxrjones
3926,fix(storage): preserve leading slashes in FsspecStore.path,PullRequest,https://github.com/zarr-developers/zarr-python/pull/3926,"comment,review",2026-04-27T11:15:20Z,2026-04-29T18:13:51Z,zarr-developers,zarr-python,maxrjones
3927,chore/3.2.0 release notes,PullRequest,https://github.com/zarr-developers/zarr-python/pull/3927,"comment,review",2026-04-27T12:55:42Z,2026-04-30T21:29:46Z,zarr-developers,zarr-python,maxrjones
3928,Use f-strings,PullRequest,https://github.com/zarr-developers/zarr-python/pull/3928,"comment,review",2026-04-28T11:42:50Z,2026-04-29T12:42:47Z,zarr-developers,zarr-python,d-v-b
3929,Enhancement proposal: empty-chunk-aware read path (`array.prefetch_populated_keys`),Issue,https://github.com/zarr-developers/zarr-python/issues/3929,comment,2026-04-28T20:31:59Z,2026-04-29T13:43:45Z,zarr-developers,zarr-python,d-v-b
3930,chore(deps): bump the actions group across 1 directory with 12 updates,PullRequest,https://github.com/zarr-developers/zarr-python/pull/3930,"comment,review",2026-04-30T04:39:32Z,2026-05-06T03:08:02Z,zarr-developers,zarr-python,d-v-b
3932,docs: build 3.2.0 release notes,PullRequest,https://github.com/zarr-developers/zarr-python/pull/3932,"comment,review",2026-04-30T21:42:21Z,2026-04-30T22:04:53Z,zarr-developers,zarr-python,maxrjones
3934,wrapping tensorstore/zarrs,Issue,https://github.com/zarr-developers/zarr-python/issues/3934,opened,2026-05-01T14:47:00Z,2026-05-01T14:47:18Z,zarr-developers,zarr-python,d-v-b
3936,CastValue wrap validation bug,Issue,https://github.com/zarr-developers/zarr-python/issues/3936,comment,2026-05-03T12:37:32Z,2026-05-03T15:08:56Z,zarr-developers,zarr-python,d-v-b
3937,CastValue endianness bug,Issue,https://github.com/zarr-developers/zarr-python/issues/3937,comment,2026-05-03T12:39:20Z,2026-05-04T00:39:42Z,zarr-developers,zarr-python,d-v-b
3938,fix: CastValue wrap validation bug ,PullRequest,https://github.com/zarr-developers/zarr-python/pull/3938,"comment,review",2026-05-03T12:59:13Z,2026-05-03T15:10:22Z,zarr-developers,zarr-python,maxrjones
3939,"`memory://` URL scheme no longer routes to fsspec, breaking interop with `MemoryFileSystem`",Issue,https://github.com/zarr-developers/zarr-python/issues/3939,comment,2026-05-03T14:13:33Z,2026-05-05T04:36:49Z,zarr-developers,zarr-python,d-v-b
3939,"`memory://` URL scheme no longer routes to fsspec, breaking interop with `MemoryFileSystem`",Issue,https://github.com/zarr-developers/zarr-python/issues/3939,"comment,opened",2026-05-03T14:13:33Z,2026-05-05T04:36:49Z,zarr-developers,zarr-python,maxrjones
3940,ci: run all of xarray's tests in downstream workflow,PullRequest,https://github.com/zarr-developers/zarr-python/pull/3940,"comment,review",2026-05-03T14:22:58Z,2026-05-06T02:46:29Z,zarr-developers,zarr-python,d-v-b
3941,fix: use contextual arrayspec when validating / evolving codecs,PullRequest,https://github.com/zarr-developers/zarr-python/pull/3941,"comment,review",2026-05-03T15:13:16Z,2026-05-04T00:39:27Z,zarr-developers,zarr-python,maxrjones
3942,release : 3.2.1 release notes,PullRequest,https://github.com/zarr-developers/zarr-python/pull/3942,"comment,review",2026-05-04T16:01:34Z,2026-05-05T12:14:21Z,zarr-developers,zarr-python,maxrjones
3943,chore: update pre-commit hooks,PullRequest,https://github.com/zarr-developers/zarr-python/pull/3943,"comment,review",2026-05-04T19:09:20Z,2026-05-06T18:44:50Z,zarr-developers,zarr-python,d-v-b
3944,fix: defer to fsspec for memory url scheme,PullRequest,https://github.com/zarr-developers/zarr-python/pull/3944,"comment,review",2026-05-04T22:45:08Z,2026-05-05T09:13:27Z,zarr-developers,zarr-python,maxrjones
3945,Release Zarr-Python v3.2.1,Issue,https://github.com/zarr-developers/zarr-python/issues/3945,opened,2026-05-05T12:21:25Z,2026-05-11T07:01:53Z,zarr-developers,zarr-python,d-v-b
3946,Run-Length Encoding input is not properly supported by RectilinearChunkGrid,Issue,https://github.com/zarr-developers/zarr-python/issues/3946,comment,2026-05-05T13:41:22Z,2026-05-11T18:30:25Z,zarr-developers,zarr-python,d-v-b
3946,Run-Length Encoding input is not properly supported by RectilinearChunkGrid,Issue,https://github.com/zarr-developers/zarr-python/issues/3946,"comment,opened",2026-05-05T13:41:22Z,2026-05-11T18:30:25Z,zarr-developers,zarr-python,maxrjones
3947,Allow s3 testing in face of ambient AWS credentials,PullRequest,https://github.com/zarr-developers/zarr-python/pull/3947,"comment,review",2026-05-05T23:31:09Z,2026-05-06T02:20:30Z,zarr-developers,zarr-python,d-v-b
3948,Irregular chunked Zarr Arrays for High-Energy Physics Analysis,Discussion,https://github.com/zarr-developers/zarr-python/discussions/3948,discussion,2026-05-06T15:32:43Z,2026-05-17T20:11:20Z,zarr-developers,zarr-python,d-v-b
3950,chore(deps): bump the actions group across 1 directory with 7 updates,PullRequest,https://github.com/zarr-developers/zarr-python/pull/3950,comment,2026-05-07T04:40:59Z,2026-06-04T04:41:03Z,zarr-developers,zarr-python,d-v-b
3950,chore(deps): bump the actions group across 1 directory with 7 updates,PullRequest,https://github.com/zarr-developers/zarr-python/pull/3950,comment,2026-05-07T04:40:59Z,2026-06-04T04:41:03Z,zarr-developers,zarr-python,maxrjones
3951,chore(deps): bump the actions group with 5 updates,PullRequest,https://github.com/zarr-developers/zarr-python/pull/3951,"comment,review",2026-05-07T04:41:27Z,2026-05-10T21:56:49Z,zarr-developers,zarr-python,d-v-b
3952,chore: fix ability to run mypy via hatch,PullRequest,https://github.com/zarr-developers/zarr-python/pull/3952,"comment,review",2026-05-07T14:24:31Z,2026-05-08T10:05:58Z,zarr-developers,zarr-python,maxrjones
3953,Performance: fetch inner chunks concurrently within a shard,Issue,https://github.com/zarr-developers/zarr-python/issues/3953,opened,2026-05-07T16:49:08Z,2026-05-22T09:12:55Z,zarr-developers,zarr-python,maxrjones
3954,Consolidated Metadata Not Passed Down,Issue,https://github.com/zarr-developers/zarr-python/issues/3954,comment,2026-05-07T17:15:04Z,2026-05-12T14:09:35Z,zarr-developers,zarr-python,d-v-b
3955,Fix V3 time types,PullRequest,https://github.com/zarr-developers/zarr-python/pull/3955,"comment,review",2026-05-07T22:39:58Z,2026-05-07T23:01:07Z,zarr-developers,zarr-python,d-v-b
3957,Fix minor typos,PullRequest,https://github.com/zarr-developers/zarr-python/pull/3957,"comment,review",2026-05-09T03:44:28Z,2026-05-10T10:08:50Z,zarr-developers,zarr-python,chuckwondo
3957,Fix minor typos,PullRequest,https://github.com/zarr-developers/zarr-python/pull/3957,"comment,review",2026-05-09T03:44:28Z,2026-05-10T10:08:50Z,zarr-developers,zarr-python,d-v-b
3958,zarr 3.2.x breaks kerchunk,Issue,https://github.com/zarr-developers/zarr-python/issues/3958,comment,2026-05-09T10:04:48Z,2026-05-11T13:54:18Z,zarr-developers,zarr-python,d-v-b
3958,zarr 3.2.x breaks kerchunk,Issue,https://github.com/zarr-developers/zarr-python/issues/3958,comment,2026-05-09T10:04:48Z,2026-05-11T13:54:18Z,zarr-developers,zarr-python,maxrjones
3959,bug(zarr-metadata): `attributes` missing from `GroupMetadataV2`,Issue,https://github.com/zarr-developers/zarr-python/issues/3959,"comment,opened",2026-05-10T08:22:47Z,2026-05-13T21:37:10Z,zarr-developers,zarr-python,d-v-b
3960,feature(zarr-metadata): partial metadata,Issue,https://github.com/zarr-developers/zarr-python/issues/3960,comment,2026-05-10T08:26:45Z,2026-05-21T10:06:29Z,zarr-developers,zarr-python,chuckwondo
3960,feature(zarr-metadata): partial metadata,Issue,https://github.com/zarr-developers/zarr-python/issues/3960,"comment,opened",2026-05-10T08:26:45Z,2026-05-21T10:06:29Z,zarr-developers,zarr-python,d-v-b
3963,deprecate blosc enums,PullRequest,https://github.com/zarr-developers/zarr-python/pull/3963,comment,2026-05-10T21:26:50Z,2026-05-11T20:16:13Z,zarr-developers,zarr-python,maxrjones
3964,remove v2/support branch,Issue,https://github.com/zarr-developers/zarr-python/issues/3964,comment,2026-05-11T13:24:45Z,2026-05-14T17:03:10Z,zarr-developers,zarr-python,d-v-b
3964,remove v2/support branch,Issue,https://github.com/zarr-developers/zarr-python/issues/3964,opened,2026-05-11T13:24:45Z,2026-05-14T17:03:10Z,zarr-developers,zarr-python,maxrjones
3965,chore: remove uv.lock,Issue,https://github.com/zarr-developers/zarr-python/issues/3965,opened,2026-05-11T14:38:00Z,2026-05-13T13:15:44Z,zarr-developers,zarr-python,d-v-b
3965,chore: remove uv.lock,Issue,https://github.com/zarr-developers/zarr-python/issues/3965,comment,2026-05-11T14:38:00Z,2026-05-13T13:15:44Z,zarr-developers,zarr-python,maxrjones
3966,fix: allow writing to 0-dimensional arrays with sharding,PullRequest,https://github.com/zarr-developers/zarr-python/pull/3966,"comment,review",2026-05-11T23:16:19Z,2026-05-14T11:01:39Z,zarr-developers,zarr-python,chuckwondo
3966,fix: allow writing to 0-dimensional arrays with sharding,PullRequest,https://github.com/zarr-developers/zarr-python/pull/3966,"comment,review",2026-05-11T23:16:19Z,2026-05-14T11:01:39Z,zarr-developers,zarr-python,d-v-b
3969,what is the right environment for type checking,Issue,https://github.com/zarr-developers/zarr-python/issues/3969,"comment,opened",2026-05-13T20:44:47Z,2026-05-15T21:38:23Z,zarr-developers,zarr-python,d-v-b
3970,chore(deps): bump the actions group with 2 updates,PullRequest,https://github.com/zarr-developers/zarr-python/pull/3970,"comment,review",2026-05-14T04:39:01Z,2026-05-14T12:36:40Z,zarr-developers,zarr-python,d-v-b
3972,chore: run mypy from developer environment,PullRequest,https://github.com/zarr-developers/zarr-python/pull/3972,"comment,review",2026-05-14T09:20:34Z,2026-05-15T15:37:29Z,zarr-developers,zarr-python,chuckwondo
3972,chore: run mypy from developer environment,PullRequest,https://github.com/zarr-developers/zarr-python/pull/3972,"comment,review",2026-05-14T09:20:34Z,2026-05-15T15:37:29Z,zarr-developers,zarr-python,maxrjones
3973,prune old string dtype class,PullRequest,https://github.com/zarr-developers/zarr-python/pull/3973,"comment,review",2026-05-14T10:36:10Z,2026-05-22T13:53:11Z,zarr-developers,zarr-python,maxrjones
3974,explicitly encode chunk grid shape in _ShardIndex,Issue,https://github.com/zarr-developers/zarr-python/issues/3974,opened,2026-05-14T11:58:14Z,2026-05-18T09:49:13Z,zarr-developers,zarr-python,d-v-b
3976,deprecate old creation functions,Issue,https://github.com/zarr-developers/zarr-python/issues/3976,"comment,opened",2026-05-14T20:39:43Z,2026-05-15T21:56:14Z,zarr-developers,zarr-python,d-v-b
3976,deprecate old creation functions,Issue,https://github.com/zarr-developers/zarr-python/issues/3976,comment,2026-05-14T20:39:43Z,2026-05-15T21:56:14Z,zarr-developers,zarr-python,maxrjones
3977,"Bug: `delete_dir` in stateful test uses raw `startswith` for bookkeeping, causing flaky `KeyError` in `delete_group_using_del`",Issue,https://github.com/zarr-developers/zarr-python/issues/3977,opened,2026-05-15T20:37:24Z,2026-06-23T19:32:51Z,zarr-developers,zarr-python,d-v-b
3980,docs: update link to developer chat,PullRequest,https://github.com/zarr-developers/zarr-python/pull/3980,"comment,review",2026-05-18T09:56:05Z,2026-05-18T15:07:00Z,zarr-developers,zarr-python,maxrjones
3982,feat(zarr-metadata): partial metadata types,PullRequest,https://github.com/zarr-developers/zarr-python/pull/3982,"comment,review",2026-05-18T21:47:32Z,2026-05-19T16:41:28Z,zarr-developers,zarr-python,chuckwondo
3982,feat(zarr-metadata): partial metadata types,PullRequest,https://github.com/zarr-developers/zarr-python/pull/3982,"comment,review",2026-05-18T21:47:32Z,2026-05-19T16:41:28Z,zarr-developers,zarr-python,maxrjones
3983,Regression in support for indexing into structured arrays within a Zarr store (v2 -> v3),Issue,https://github.com/zarr-developers/zarr-python/issues/3983,comment,2026-05-18T23:09:07Z,2026-06-03T14:25:11Z,zarr-developers,zarr-python,d-v-b
3984,docs: clarify difference between load and open in docstrings,PullRequest,https://github.com/zarr-developers/zarr-python/pull/3984,"comment,review",2026-05-19T07:21:38Z,2026-06-26T21:42:45Z,zarr-developers,zarr-python,maxrjones
3985,[lazy indexing] lazy indexing tracking issue,Issue,https://github.com/zarr-developers/zarr-python/issues/3985,opened,2026-05-19T08:25:26Z,2026-06-26T00:13:00Z,zarr-developers,zarr-python,d-v-b
3987,Control sharding codec read coalescing with ArrayConfig and runtime config options,PullRequest,https://github.com/zarr-developers/zarr-python/pull/3987,"comment,review",2026-05-20T03:16:15Z,2026-06-18T15:43:43Z,zarr-developers,zarr-python,d-v-b
3988,Do not install CuPy on darwin,PullRequest,https://github.com/zarr-developers/zarr-python/pull/3988,"comment,review",2026-05-20T10:35:39Z,2026-05-20T11:32:11Z,zarr-developers,zarr-python,d-v-b
3989,test cleanup / consolidation,Issue,https://github.com/zarr-developers/zarr-python/issues/3989,opened,2026-05-20T15:06:09Z,2026-06-26T00:07:15Z,zarr-developers,zarr-python,d-v-b
3990,Widen ChunksLike type alias,PullRequest,https://github.com/zarr-developers/zarr-python/pull/3990,"comment,review",2026-05-20T19:03:20Z,2026-05-20T19:43:55Z,zarr-developers,zarr-python,d-v-b
3991,Release Zarr-Python v3.2.2,Issue,https://github.com/zarr-developers/zarr-python/issues/3991,"comment,opened",2026-05-20T20:14:10Z,2026-06-25T23:43:50Z,zarr-developers,zarr-python,d-v-b
3993,zarr-metadata tags break zarr tag-based versioning,Issue,https://github.com/zarr-developers/zarr-python/issues/3993,"comment,opened",2026-05-20T20:30:03Z,2026-05-22T07:50:46Z,zarr-developers,zarr-python,d-v-b
3994,fix: match v* when extracting a zarr version from git tags,PullRequest,https://github.com/zarr-developers/zarr-python/pull/3994,"comment,review",2026-05-20T20:33:19Z,2026-05-21T17:47:41Z,zarr-developers,zarr-python,maxrjones
3996,Fix v2 structured field selection,PullRequest,https://github.com/zarr-developers/zarr-python/pull/3996,comment,2026-05-21T07:58:27Z,2026-06-03T13:46:00Z,zarr-developers,zarr-python,d-v-b
3998,refactor/consolidated JSON IO routines,PullRequest,https://github.com/zarr-developers/zarr-python/pull/3998,"comment,review",2026-05-22T14:22:37Z,2026-06-11T09:49:08Z,zarr-developers,zarr-python,chuckwondo
3998,refactor/consolidated JSON IO routines,PullRequest,https://github.com/zarr-developers/zarr-python/pull/3998,"comment,review",2026-05-22T14:22:37Z,2026-06-11T09:49:08Z,zarr-developers,zarr-python,maxrjones
3999,fix: compare metadata objects by JSON form,PullRequest,https://github.com/zarr-developers/zarr-python/pull/3999,comment,2026-05-22T14:31:43Z,2026-05-26T20:35:44Z,zarr-developers,zarr-python,maxrjones
4000,Run doctests via pytest and fix broken doctests.,PullRequest,https://github.com/zarr-developers/zarr-python/pull/4000,"comment,review",2026-05-22T19:26:48Z,2026-05-28T01:42:15Z,zarr-developers,zarr-python,d-v-b
4001,chore: indexing test cleanup,PullRequest,https://github.com/zarr-developers/zarr-python/pull/4001,"comment,review",2026-05-22T20:17:47Z,2026-06-10T19:46:34Z,zarr-developers,zarr-python,maxrjones
4002,fix(testing): correct delete_dir prefix matching in stateful tests,PullRequest,https://github.com/zarr-developers/zarr-python/pull/4002,comment,2026-05-22T23:12:11Z,2026-06-23T19:32:50Z,zarr-developers,zarr-python,maxrjones
4003,fix(FsspecStore): close owned async filesystem on store.close(),PullRequest,https://github.com/zarr-developers/zarr-python/pull/4003,"comment,review",2026-05-23T23:18:06Z,2026-05-28T14:50:37Z,zarr-developers,zarr-python,d-v-b
4004,sharding codec subchunk write order does not round-trip through pickling,Issue,https://github.com/zarr-developers/zarr-python/issues/4004,"comment,opened",2026-05-25T15:38:55Z,2026-06-26T06:10:39Z,zarr-developers,zarr-python,d-v-b
4004,sharding codec subchunk write order does not round-trip through pickling,Issue,https://github.com/zarr-developers/zarr-python/issues/4004,comment,2026-05-25T15:38:55Z,2026-06-26T06:10:39Z,zarr-developers,zarr-python,maxrjones
4005,sharding codec equality broken due to new rng field,Issue,https://github.com/zarr-developers/zarr-python/issues/4005,"comment,opened",2026-05-25T15:40:43Z,2026-06-16T23:28:31Z,zarr-developers,zarr-python,d-v-b
4008,remove random subchunk ordering from sharding codec,Issue,https://github.com/zarr-developers/zarr-python/issues/4008,"comment,opened",2026-05-26T08:39:13Z,2026-06-16T23:28:06Z,zarr-developers,zarr-python,d-v-b
4010,AI-generated possible solution for #3780 (B),PullRequest,https://github.com/zarr-developers/zarr-python/pull/4010,comment,2026-05-26T10:24:55Z,2026-05-26T10:46:50Z,zarr-developers,zarr-python,d-v-b
4012,perf: cache lexicographic chunk coords in sharding codec,PullRequest,https://github.com/zarr-developers/zarr-python/pull/4012,"comment,review",2026-05-26T21:02:15Z,2026-06-13T07:18:16Z,zarr-developers,zarr-python,chuckwondo
4012,perf: cache lexicographic chunk coords in sharding codec,PullRequest,https://github.com/zarr-developers/zarr-python/pull/4012,"comment,review",2026-05-26T21:02:15Z,2026-06-13T07:18:16Z,zarr-developers,zarr-python,maxrjones
4014,chore(deps): bump the actions group across 1 directory with 8 updates,PullRequest,https://github.com/zarr-developers/zarr-python/pull/4014,"comment,review",2026-05-28T04:46:14Z,2026-05-29T16:16:09Z,zarr-developers,zarr-python,d-v-b
4016,DOC: create_array() got an unexpected keyword argument 'mode',Issue,https://github.com/zarr-developers/zarr-python/issues/4016,comment,2026-05-29T07:33:55Z,2026-06-02T20:58:46Z,zarr-developers,zarr-python,d-v-b
4017,run all code snippets in docs,Issue,https://github.com/zarr-developers/zarr-python/issues/4017,opened,2026-05-29T08:19:15Z,2026-06-02T19:42:25Z,zarr-developers,zarr-python,d-v-b
4018,docs: test more code snippets in docs,PullRequest,https://github.com/zarr-developers/zarr-python/pull/4018,"comment,review",2026-05-29T13:52:11Z,2026-06-02T19:42:28Z,zarr-developers,zarr-python,maxrjones
4019,chore(deps-dev): bump uv from 0.11.14 to 0.11.15 in the uv group across 1 directory,PullRequest,https://github.com/zarr-developers/zarr-python/pull/4019,"comment,review",2026-05-29T21:36:47Z,2026-06-02T20:56:46Z,zarr-developers,zarr-python,d-v-b
4023,fix: use hatch's `default` env so the uv installer is inherited,PullRequest,https://github.com/zarr-developers/zarr-python/pull/4023,"comment,review",2026-06-01T15:17:59Z,2026-06-02T09:42:15Z,zarr-developers,zarr-python,chuckwondo
4023,fix: use hatch's `default` env so the uv installer is inherited,PullRequest,https://github.com/zarr-developers/zarr-python/pull/4023,"comment,review",2026-06-01T15:17:59Z,2026-06-02T09:42:15Z,zarr-developers,zarr-python,d-v-b
4024,chore: update pre-commit hooks,PullRequest,https://github.com/zarr-developers/zarr-python/pull/4024,"comment,review",2026-06-01T19:47:32Z,2026-06-02T09:53:51Z,zarr-developers,zarr-python,d-v-b
4025,Move rectilinear chunk grid from experimental to stable,Issue,https://github.com/zarr-developers/zarr-python/issues/4025,comment,2026-06-02T15:26:02Z,2026-06-04T13:36:08Z,zarr-developers,zarr-python,d-v-b
4025,Move rectilinear chunk grid from experimental to stable,Issue,https://github.com/zarr-developers/zarr-python/issues/4025,"comment,opened",2026-06-02T15:26:02Z,2026-06-04T13:36:08Z,zarr-developers,zarr-python,maxrjones
4026,update dtype example to use public API,Issue,https://github.com/zarr-developers/zarr-python/issues/4026,comment,2026-06-03T15:36:17Z,2026-06-11T19:59:58Z,zarr-developers,zarr-python,chuckwondo
4026,update dtype example to use public API,Issue,https://github.com/zarr-developers/zarr-python/issues/4026,"comment,opened",2026-06-03T15:36:17Z,2026-06-11T19:59:58Z,zarr-developers,zarr-python,d-v-b
4027,fold `AsyncArray` methods into `Array`,Issue,https://github.com/zarr-developers/zarr-python/issues/4027,"comment,opened",2026-06-03T19:07:15Z,2026-06-26T00:05:30Z,zarr-developers,zarr-python,d-v-b
4027,fold `AsyncArray` methods into `Array`,Issue,https://github.com/zarr-developers/zarr-python/issues/4027,comment,2026-06-03T19:07:15Z,2026-06-26T00:05:30Z,zarr-developers,zarr-python,maxrjones
4028,Add sparse-read primitives: `shards_initialized` and `read_regions`,PullRequest,https://github.com/zarr-developers/zarr-python/pull/4028,"comment,review",2026-06-03T19:21:12Z,2026-06-26T01:05:26Z,zarr-developers,zarr-python,d-v-b
4029,VerboseModule cannot be pickled,Issue,https://github.com/zarr-developers/zarr-python/issues/4029,comment,2026-06-03T20:43:01Z,2026-06-04T12:11:30Z,zarr-developers,zarr-python,d-v-b
4030,fix(storage): remove VerboseModule to make zarr.storage picklable (gh-4029),PullRequest,https://github.com/zarr-developers/zarr-python/pull/4030,comment,2026-06-03T23:10:59Z,2026-06-26T17:13:25Z,zarr-developers,zarr-python,d-v-b
4030,fix(storage): remove VerboseModule to make zarr.storage picklable (gh-4029),PullRequest,https://github.com/zarr-developers/zarr-python/pull/4030,comment,2026-06-03T23:10:59Z,2026-06-26T17:13:25Z,zarr-developers,zarr-python,maxrjones
4031,chore(deps): bump aiohttp from 3.13.5 to 3.14.0 in the uv group across 1 directory,PullRequest,https://github.com/zarr-developers/zarr-python/pull/4031,"comment,review",2026-06-04T00:07:36Z,2026-06-10T14:37:41Z,zarr-developers,zarr-python,d-v-b
4034,refactor: one array class,PullRequest,https://github.com/zarr-developers/zarr-python/pull/4034,"comment,review",2026-06-04T11:28:10Z,2026-06-22T16:23:58Z,zarr-developers,zarr-python,maxrjones
4035,Public API for determining chunk grid type,Issue,https://github.com/zarr-developers/zarr-python/issues/4035,opened,2026-06-04T13:31:24Z,2026-06-04T13:35:07Z,zarr-developers,zarr-python,maxrjones
4036,Public API for determining if an array is sharded,Issue,https://github.com/zarr-developers/zarr-python/issues/4036,comment,2026-06-04T13:34:54Z,2026-06-04T14:44:02Z,zarr-developers,zarr-python,d-v-b
4036,Public API for determining if an array is sharded,Issue,https://github.com/zarr-developers/zarr-python/issues/4036,"comment,opened",2026-06-04T13:34:54Z,2026-06-04T14:44:02Z,zarr-developers,zarr-python,maxrjones
4038,fix: handle ObjectStore.list_dir when prefix-like object exists,PullRequest,https://github.com/zarr-developers/zarr-python/pull/4038,"comment,review",2026-06-05T00:51:31Z,2026-06-19T06:25:16Z,zarr-developers,zarr-python,d-v-b
4040,poc: ChunkLayout for chunk and shard inspection,PullRequest,https://github.com/zarr-developers/zarr-python/pull/4040,"comment,review",2026-06-05T17:50:58Z,2026-06-18T13:53:05Z,zarr-developers,zarr-python,d-v-b
4041,docs: add AGENTS.md for AI-assisted development,PullRequest,https://github.com/zarr-developers/zarr-python/pull/4041,"comment,review",2026-06-05T17:54:51Z,2026-06-29T17:31:10Z,zarr-developers,zarr-python,d-v-b
4042,prototype for negative caching in StoreCache,PullRequest,https://github.com/zarr-developers/zarr-python/pull/4042,comment,2026-06-05T18:35:28Z,2026-06-29T13:22:44Z,zarr-developers,zarr-python,d-v-b
4043,fix: make xarray downstream tests work,PullRequest,https://github.com/zarr-developers/zarr-python/pull/4043,"comment,review",2026-06-06T13:15:17Z,2026-06-06T19:21:41Z,zarr-developers,zarr-python,maxrjones
4044,broken xarray downstream tests,Issue,https://github.com/zarr-developers/zarr-python/issues/4044,opened,2026-06-06T13:16:31Z,2026-06-06T19:21:42Z,zarr-developers,zarr-python,d-v-b
4045,upgrade home-built sentinel to `typing_extensions.Sentinel`,Issue,https://github.com/zarr-developers/zarr-python/issues/4045,opened,2026-06-06T13:50:48Z,2026-06-09T15:43:45Z,zarr-developers,zarr-python,d-v-b
4047,"Revert ""fix: make xarray downstream tests work""",PullRequest,https://github.com/zarr-developers/zarr-python/pull/4047,"comment,review",2026-06-06T19:30:34Z,2026-06-10T19:28:36Z,zarr-developers,zarr-python,maxrjones
4048,fix: allow opening non-existent ZipStore in read mode,PullRequest,https://github.com/zarr-developers/zarr-python/pull/4048,comment,2026-06-07T23:50:28Z,2026-06-09T03:04:36Z,zarr-developers,zarr-python,d-v-b
4051,docs: add a deprecation policy to the contributing guide,PullRequest,https://github.com/zarr-developers/zarr-python/pull/4051,"comment,review",2026-06-08T13:28:46Z,2026-06-29T10:28:09Z,zarr-developers,zarr-python,d-v-b
4052,Modify custom dtype example to use only public API,PullRequest,https://github.com/zarr-developers/zarr-python/pull/4052,"comment,review",2026-06-08T17:45:03Z,2026-06-11T10:06:15Z,zarr-developers,zarr-python,d-v-b
4053,docs: add core-developer self-merge policy,PullRequest,https://github.com/zarr-developers/zarr-python/pull/4053,"comment,review",2026-06-08T18:20:13Z,2026-06-12T18:46:42Z,zarr-developers,zarr-python,d-v-b
4055,Updating the list of Zarr-Python core devs,Discussion,https://github.com/zarr-developers/zarr-python/discussions/4055,discussion,2026-06-09T18:33:01Z,2026-06-10T08:51:39Z,zarr-developers,zarr-python,d-v-b
4055,Updating the list of Zarr-Python core devs,Discussion,https://github.com/zarr-developers/zarr-python/discussions/4055,discussion,2026-06-09T18:33:01Z,2026-06-10T08:51:39Z,zarr-developers,zarr-python,maxrjones
4056,"[docs] very basic zarr tutorial -- ""zarr for absolute beginners""",Issue,https://github.com/zarr-developers/zarr-python/issues/4056,opened,2026-06-10T15:38:01Z,2026-06-25T23:39:17Z,zarr-developers,zarr-python,d-v-b
4058,chore(deps): bump the actions group with 3 updates,PullRequest,https://github.com/zarr-developers/zarr-python/pull/4058,"comment,review",2026-06-11T04:25:33Z,2026-06-11T09:49:46Z,zarr-developers,zarr-python,d-v-b
4059,User-provided attributes dictionary is mutated by the public API,Issue,https://github.com/zarr-developers/zarr-python/issues/4059,comment,2026-06-11T11:14:20Z,2026-06-11T12:44:48Z,zarr-developers,zarr-python,d-v-b
4060,fix: copy attributes passed from the user to avoid mutation,PullRequest,https://github.com/zarr-developers/zarr-python/pull/4060,"comment,review",2026-06-11T11:18:23Z,2026-06-11T12:44:48Z,zarr-developers,zarr-python,d-v-b
4061,Numpy-compatible typevars in array classes?,Issue,https://github.com/zarr-developers/zarr-python/issues/4061,comment,2026-06-11T23:33:48Z,2026-06-25T23:44:16Z,zarr-developers,zarr-python,d-v-b
4062,chore(deps): bump tornado from 6.5.5 to 6.5.6 in the uv group across 1 directory,PullRequest,https://github.com/zarr-developers/zarr-python/pull/4062,"comment,review",2026-06-12T22:25:42Z,2026-06-15T16:50:34Z,zarr-developers,zarr-python,d-v-b
4063,Add unified parse_json runtime type checker (#3285) [draft / proof-of-direction],PullRequest,https://github.com/zarr-developers/zarr-python/pull/4063,comment,2026-06-15T06:08:58Z,2026-06-29T08:01:45Z,zarr-developers,zarr-python,chuckwondo
4063,Add unified parse_json runtime type checker (#3285) [draft / proof-of-direction],PullRequest,https://github.com/zarr-developers/zarr-python/pull/4063,"comment,review",2026-06-15T06:08:58Z,2026-06-29T08:01:45Z,zarr-developers,zarr-python,d-v-b
4065,Use non-consumable iterators for test fixtures,Issue,https://github.com/zarr-developers/zarr-python/issues/4065,"comment,opened",2026-06-16T07:51:26Z,2026-06-25T23:39:07Z,zarr-developers,zarr-python,d-v-b
4065,Use non-consumable iterators for test fixtures,Issue,https://github.com/zarr-developers/zarr-python/issues/4065,comment,2026-06-16T07:51:26Z,2026-06-25T23:39:07Z,zarr-developers,zarr-python,maxrjones
4067,chore(deps): bump tornado from 6.5.6 to 6.5.7,PullRequest,https://github.com/zarr-developers/zarr-python/pull/4067,"comment,review",2026-06-16T09:04:43Z,2026-06-16T09:43:50Z,zarr-developers,zarr-python,d-v-b
4069,chore(deps): bump aiohttp from 3.14.0 to 3.14.1,PullRequest,https://github.com/zarr-developers/zarr-python/pull/4069,"comment,review",2026-06-16T09:05:06Z,2026-06-16T10:50:22Z,zarr-developers,zarr-python,d-v-b
4070,chore(deps): bump cryptography from 48.0.0 to 48.0.1,PullRequest,https://github.com/zarr-developers/zarr-python/pull/4070,"comment,review",2026-06-16T09:05:18Z,2026-06-16T10:38:57Z,zarr-developers,zarr-python,d-v-b
4072,chore(deps): bump the python-dependencies group with 14 updates,PullRequest,https://github.com/zarr-developers/zarr-python/pull/4072,"comment,review",2026-06-16T09:11:34Z,2026-06-16T09:34:52Z,zarr-developers,zarr-python,d-v-b
4073,Bytes codec does not roundtrip cleanly,Issue,https://github.com/zarr-developers/zarr-python/issues/4073,comment,2026-06-16T10:15:21Z,2026-06-22T10:11:26Z,zarr-developers,zarr-python,d-v-b
4075,chore: add rectilinear hypothesis block indexing tests,PullRequest,https://github.com/zarr-developers/zarr-python/pull/4075,"comment,review",2026-06-17T16:29:28Z,2026-06-29T16:25:54Z,zarr-developers,zarr-python,d-v-b
4076,chore: CI worfklows for linting docs,PullRequest,https://github.com/zarr-developers/zarr-python/pull/4076,"comment,review",2026-06-17T18:25:52Z,2026-06-25T13:50:09Z,zarr-developers,zarr-python,chuckwondo
4077,Add 'From Zero to Zarr' beginner guide to the Zarr data model,PullRequest,https://github.com/zarr-developers/zarr-python/pull/4077,"comment,review",2026-06-17T23:14:32Z,2026-06-25T19:30:27Z,zarr-developers,zarr-python,d-v-b
4077,Add 'From Zero to Zarr' beginner guide to the Zarr data model,PullRequest,https://github.com/zarr-developers/zarr-python/pull/4077,"comment,review",2026-06-17T23:14:32Z,2026-06-25T19:30:27Z,zarr-developers,zarr-python,maxrjones
4078,chore(deps): bump the actions group with 6 updates,PullRequest,https://github.com/zarr-developers/zarr-python/pull/4078,"comment,review",2026-06-18T04:24:11Z,2026-06-22T10:08:29Z,zarr-developers,zarr-python,d-v-b
4079,chore(deps): bump CodSpeedHQ/action from 4.17.0 to 4.17.5 in the actions group,PullRequest,https://github.com/zarr-developers/zarr-python/pull/4079,"comment,review",2026-06-18T04:25:03Z,2026-06-22T10:07:51Z,zarr-developers,zarr-python,d-v-b
4080,chore(deps-dev): bump the python-dependencies group across 1 directory with 2 updates,PullRequest,https://github.com/zarr-developers/zarr-python/pull/4080,"comment,review",2026-06-18T04:29:03Z,2026-06-18T14:49:57Z,zarr-developers,zarr-python,d-v-b
4081,chore(deps): bump bleach from 6.3.0 to 6.4.0,PullRequest,https://github.com/zarr-developers/zarr-python/pull/4081,"comment,review",2026-06-18T11:39:23Z,2026-06-18T12:26:34Z,zarr-developers,zarr-python,d-v-b
4082,observing the chunk layout for an array,Discussion,https://github.com/zarr-developers/zarr-python/discussions/4082,discussion,2026-06-18T15:38:39Z,2026-06-25T23:46:01Z,zarr-developers,zarr-python,d-v-b
4082,observing the chunk layout for an array,Discussion,https://github.com/zarr-developers/zarr-python/discussions/4082,discussion,2026-06-18T15:38:39Z,2026-06-25T23:46:01Z,zarr-developers,zarr-python,maxrjones
4085,Implement ZipStore delete via archive rewrite (fixes #828),PullRequest,https://github.com/zarr-developers/zarr-python/pull/4085,comment,2026-06-21T21:40:58Z,2026-06-28T19:35:41Z,zarr-developers,zarr-python,d-v-b
4086,test_multiprocessing[fork] fails on Python 3.15,Issue,https://github.com/zarr-developers/zarr-python/issues/4086,comment,2026-06-22T05:24:37Z,2026-06-22T05:45:15Z,zarr-developers,zarr-python,d-v-b
4088,chore(deps): bump msgpack from 1.1.2 to 1.2.1,PullRequest,https://github.com/zarr-developers/zarr-python/pull/4088,"comment,review",2026-06-22T10:08:54Z,2026-06-22T11:23:47Z,zarr-developers,zarr-python,d-v-b
4089,chore(deps): bump pydantic-settings from 2.14.1 to 2.14.2,PullRequest,https://github.com/zarr-developers/zarr-python/pull/4089,"comment,review",2026-06-22T10:09:05Z,2026-06-22T10:41:17Z,zarr-developers,zarr-python,d-v-b
4092,chore(deps-dev): bump the python-dependencies group with 4 updates,PullRequest,https://github.com/zarr-developers/zarr-python/pull/4092,"comment,review",2026-06-22T11:14:48Z,2026-06-25T04:29:23Z,zarr-developers,zarr-python,d-v-b
4094,chore: test correctness fixes,PullRequest,https://github.com/zarr-developers/zarr-python/pull/4094,"comment,review",2026-06-22T17:28:36Z,2026-06-25T20:11:33Z,zarr-developers,zarr-python,maxrjones
4095,zarr-metadata: add unions of metadata objects for core + extensions,Issue,https://github.com/zarr-developers/zarr-python/issues/4095,opened,2026-06-22T18:04:28Z,2026-06-25T23:37:55Z,zarr-developers,zarr-python,d-v-b
4096,chore: replace hatch environments with uv + ci scripts,PullRequest,https://github.com/zarr-developers/zarr-python/pull/4096,comment,2026-06-24T19:46:16Z,2026-06-25T14:04:24Z,zarr-developers,zarr-python,d-v-b
4097,chore(deps): bump the actions group with 3 updates,PullRequest,https://github.com/zarr-developers/zarr-python/pull/4097,"comment,review",2026-06-25T04:24:34Z,2026-06-25T09:05:43Z,zarr-developers,zarr-python,d-v-b
4101,Replace donfig with a statically-typed configuration object,PullRequest,https://github.com/zarr-developers/zarr-python/pull/4101,comment,2026-06-25T15:20:50Z,2026-06-28T10:24:46Z,zarr-developers,zarr-python,maxrjones
4103,Fix save/load for scalar arrays,PullRequest,https://github.com/zarr-developers/zarr-python/pull/4103,"comment,review",2026-06-26T13:55:14Z,2026-06-26T14:14:49Z,zarr-developers,zarr-python,d-v-b
4104,design for runtime configuration,Discussion,https://github.com/zarr-developers/zarr-python/discussions/4104,discussion,2026-06-26T14:30:06Z,2026-06-26T14:30:06Z,zarr-developers,zarr-python,d-v-b
4105,Claude/internal simplifications,PullRequest,https://github.com/zarr-developers/zarr-python/pull/4105,comment,2026-06-26T15:33:42Z,2026-06-27T09:18:01Z,zarr-developers,zarr-python,maxrjones
4106,docs: add reviewer guidance and author attestation to PR template,PullRequest,https://github.com/zarr-developers/zarr-python/pull/4106,"comment,review",2026-06-26T16:59:01Z,2026-06-29T16:25:38Z,zarr-developers,zarr-python,d-v-b
4107,fix: implement soft-delete for ZipStore (issue #828),PullRequest,https://github.com/zarr-developers/zarr-python/pull/4107,comment,2026-06-27T19:33:27Z,2026-06-27T19:51:39Z,zarr-developers,zarr-python,d-v-b
4108,docs: document authentication for private remote stores via storage_options,PullRequest,https://github.com/zarr-developers/zarr-python/pull/4108,"comment,review",2026-06-29T02:59:08Z,2026-06-29T12:44:09Z,zarr-developers,zarr-python,d-v-b
123,mime type / encoding format conventions,Issue,https://github.com/zarr-developers/zarr-specs/issues/123,comment,2022-01-07T17:21:30Z,2026-05-18T18:50:29Z,zarr-developers,zarr-specs,d-v-b
308,clarify that the abstract store api is not normative,PullRequest,https://github.com/zarr-developers/zarr-specs/pull/308,comment,2024-08-21T22:14:42Z,2026-06-22T15:52:09Z,zarr-developers,zarr-specs,d-v-b
309,Added consolidated metadata to spec,PullRequest,https://github.com/zarr-developers/zarr-specs/pull/309,comment,2024-08-23T16:17:57Z,2026-04-29T20:31:17Z,zarr-developers,zarr-specs,d-v-b
347,Added json schema,PullRequest,https://github.com/zarr-developers/zarr-specs/pull/347,"comment,review",2025-06-02T02:23:09Z,2026-06-24T15:02:34Z,zarr-developers,zarr-specs,d-v-b
371,zarr-python's consolidated metadata implementation violates the spec,Issue,https://github.com/zarr-developers/zarr-specs/issues/371,comment,2026-01-02T16:31:46Z,2026-06-12T12:00:05Z,zarr-developers,zarr-specs,d-v-b
371,zarr-python's consolidated metadata implementation violates the spec,Issue,https://github.com/zarr-developers/zarr-specs/issues/371,comment,2026-01-02T16:31:46Z,2026-06-12T12:00:05Z,zarr-developers,zarr-specs,maxrjones
373,adjust language about extra keys to permit consolidated metadata,PullRequest,https://github.com/zarr-developers/zarr-specs/pull/373,"comment,review",2026-01-10T14:52:00Z,2026-06-29T08:10:33Z,zarr-developers,zarr-specs,maxrjones
380,element order of the shard index in the `sharding_indexed` codec,Issue,https://github.com/zarr-developers/zarr-specs/issues/380,"comment,opened",2026-05-21T07:53:40Z,2026-05-21T08:28:53Z,zarr-developers,zarr-specs,d-v-b
381,Kicking off the Zarr Spec Committee,Discussion,https://github.com/zarr-developers/zarr-specs/discussions/381,discussion,2026-06-10T20:48:53Z,2026-06-23T19:40:20Z,zarr-developers,zarr-specs,d-v-b
